,n_viajes
2021-04-01 00:00:00,57.092
2021-04-01 01:00:00,33.441
2021-04-01 02:00:00,14.358
2021-04-01 03:00:00,21.757
2021-04-01 04:00:00,17.429000000000002
2021-04-01 05:00:00,73.82300000000001
2021-04-01 06:00:00,22.129
2021-04-01 07:00:00,219.251
2021-04-01 08:00:00,174.822
2021-04-01 09:00:00,238.159
2021-04-01 10:00:00,250.77200000000002
2021-04-01 11:00:00,253.12
2021-04-01 12:00:00,358.687
2021-04-01 13:00:00,273.604
2021-04-01 14:00:00,282.567
2021-04-01 15:00:00,229.304
2021-04-01 16:00:00,259.226
2021-04-01 17:00:00,278.60900000000004
2021-04-01 18:00:00,384.21500000000003
2021-04-01 19:00:00,81.595
2021-04-01 20:00:00,32.159000000000006
2021-04-01 21:00:00,195.877
2021-04-01 22:00:00,152.276
2021-04-01 23:00:00,174.685
2021-04-02 00:00:00,51.713
2021-04-02 01:00:00,23.319000000000003
2021-04-02 02:00:00,37.719
2021-04-02 03:00:00,43.28
2021-04-02 04:00:00,43.972
2021-04-02 05:00:00,59.79
2021-04-02 06:00:00,42.796
2021-04-02 07:00:00,192.19299999999998
2021-04-02 08:00:00,218.59300000000002
2021-04-02 09:00:00,275.455
2021-04-02 10:00:00,345.659
2021-04-02 11:00:00,342.645
2021-04-02 12:00:00,320.42
2021-04-02 13:00:00,374.848
2021-04-02 14:00:00,198.435
2021-04-02 15:00:00,197.327
2021-04-02 16:00:00,244.54
2021-04-02 17:00:00,221.399
2021-04-02 18:00:00,267.76
2021-04-02 19:00:00,349.184
2021-04-02 20:00:00,186.222
2021-04-02 21:00:00,151.362
2021-04-02 22:00:00,118.239
2021-04-02 23:00:00,100.123
2021-04-03 00:00:00,14.313
2021-04-03 01:00:00,33.935
2021-04-03 02:00:00,
2021-04-03 03:00:00,8.49
2021-04-03 04:00:00,51.706
2021-04-03 05:00:00,62.554
2021-04-03 06:00:00,90.589
2021-04-03 07:00:00,198.663
2021-04-03 08:00:00,155.424
2021-04-03 09:00:00,213.894
2021-04-03 10:00:00,222.822
2021-04-03 11:00:00,481.725
2021-04-03 12:00:00,448.267
2021-04-03 13:00:00,379.975
2021-04-03 14:00:00,288.697
2021-04-03 15:00:00,185.671
2021-04-03 16:00:00,267.483
2021-04-03 17:00:00,232.844
2021-04-03 18:00:00,198.912
2021-04-03 19:00:00,203.44400000000002
2021-04-03 20:00:00,211.79000000000002
2021-04-03 21:00:00,230.537
2021-04-03 22:00:00,142.524
2021-04-03 23:00:00,32.971
2021-04-04 00:00:00,33.928000000000004
2021-04-04 01:00:00,21.127
2021-04-04 02:00:00,29.75
2021-04-04 03:00:00,36.714
2021-04-04 04:00:00,28.884999999999998
2021-04-04 05:00:00,31.631
2021-04-04 06:00:00,98.138
2021-04-04 07:00:00,119.74499999999999
2021-04-04 08:00:00,210.156
2021-04-04 09:00:00,274.563
2021-04-04 10:00:00,373.901
2021-04-04 11:00:00,325.911
2021-04-04 12:00:00,344.398
2021-04-04 13:00:00,261.414
2021-04-04 14:00:00,197.993
2021-04-04 15:00:00,234.077
2021-04-04 16:00:00,144.922
2021-04-04 17:00:00,207.48499999999999
2021-04-04 18:00:00,347.2
2021-04-04 19:00:00,308.211
2021-04-04 20:00:00,156.321
2021-04-04 21:00:00,136.37
2021-04-04 22:00:00,14.914
2021-04-04 23:00:00,8.639
2021-04-05 00:00:00,29.877
2021-04-05 01:00:00,
2021-04-05 02:00:00,7.389
2021-04-05 03:00:00,39.671
2021-04-05 04:00:00,127.651
2021-04-05 05:00:00,50.566
2021-04-05 06:00:00,179.548
2021-04-05 07:00:00,379.085
2021-04-05 08:00:00,226.315
2021-04-05 09:00:00,190.421
2021-04-05 10:00:00,148.154
2021-04-05 11:00:00,283.441
2021-04-05 12:00:00,229.01
2021-04-05 13:00:00,239.37199999999999
2021-04-05 14:00:00,421.039
2021-04-05 15:00:00,305.11
2021-04-05 16:00:00,288.348
2021-04-05 17:00:00,165.279
2021-04-05 18:00:00,232.159
2021-04-05 19:00:00,315.16499999999996
2021-04-05 20:00:00,225.877
2021-04-05 21:00:00,170.209
2021-04-05 22:00:00,100.4
2021-04-05 23:00:00,26.767
2021-04-06 00:00:00,20.727
2021-04-06 01:00:00,17.503
2021-04-06 02:00:00,17.323
2021-04-06 03:00:00,29.346
2021-04-06 04:00:00,61.243
2021-04-06 05:00:00,122.026
2021-04-06 06:00:00,192.953
2021-04-06 07:00:00,433.978
2021-04-06 08:00:00,237.236
2021-04-06 09:00:00,208.342
2021-04-06 10:00:00,244.043
2021-04-06 11:00:00,310.831
2021-04-06 12:00:00,332.69
2021-04-06 13:00:00,269.532
2021-04-06 14:00:00,247.26999999999998
2021-04-06 15:00:00,310.618
2021-04-06 16:00:00,180.109
2021-04-06 17:00:00,345.18
2021-04-06 18:00:00,207.268
2021-04-06 19:00:00,374.106
2021-04-06 20:00:00,377.915
2021-04-06 21:00:00,174.415
2021-04-06 22:00:00,46.647
2021-04-06 23:00:00,40.204
2021-04-07 00:00:00,38.935
2021-04-07 01:00:00,62.747
2021-04-07 02:00:00,17.484
2021-04-07 03:00:00,32.928
2021-04-07 04:00:00,88.087
2021-04-07 05:00:00,118.28
2021-04-07 06:00:00,180.32399999999998
2021-04-07 07:00:00,269.527
2021-04-07 08:00:00,339.386
2021-04-07 09:00:00,236.388
2021-04-07 10:00:00,232.838
2021-04-07 11:00:00,220.743
2021-04-07 12:00:00,242.555
2021-04-07 13:00:00,384.872
2021-04-07 14:00:00,324.51800000000003
2021-04-07 15:00:00,247.368
2021-04-07 16:00:00,223.062
2021-04-07 17:00:00,233.158
2021-04-07 18:00:00,348.127
2021-04-07 19:00:00,189.613
2021-04-07 20:00:00,242.764
2021-04-07 21:00:00,281.11
2021-04-07 22:00:00,79.22
2021-04-07 23:00:00,120.128
2021-04-08 00:00:00,52.968999999999994
2021-04-08 01:00:00,6.298
2021-04-08 02:00:00,31.099
2021-04-08 03:00:00,28.0
2021-04-08 04:00:00,6.812
2021-04-08 05:00:00,97.506
2021-04-08 06:00:00,180.439
2021-04-08 07:00:00,308.506
2021-04-08 08:00:00,263.183
2021-04-08 09:00:00,263.682
2021-04-08 10:00:00,256.378
2021-04-08 11:00:00,213.755
2021-04-08 12:00:00,270.385
2021-04-08 13:00:00,223.152
2021-04-08 14:00:00,386.953
2021-04-08 15:00:00,245.561
2021-04-08 16:00:00,164.473
2021-04-08 17:00:00,351.399
2021-04-08 18:00:00,225.673
2021-04-08 19:00:00,253.464
2021-04-08 20:00:00,499.576
2021-04-08 21:00:00,141.409
2021-04-08 22:00:00,127.88199999999999
2021-04-08 23:00:00,75.758
2021-04-09 00:00:00,27.854
2021-04-09 01:00:00,40.313
2021-04-09 02:00:00,32.696
2021-04-09 03:00:00,57.174
2021-04-09 04:00:00,95.75200000000001
2021-04-09 05:00:00,76.062
2021-04-09 06:00:00,257.711
2021-04-09 07:00:00,295.508
2021-04-09 08:00:00,335.291
2021-04-09 09:00:00,304.534
2021-04-09 10:00:00,204.756
2021-04-09 11:00:00,216.073
2021-04-09 12:00:00,219.773
2021-04-09 13:00:00,341.401
2021-04-09 14:00:00,417.187
2021-04-09 15:00:00,150.753
2021-04-09 16:00:00,258.803
2021-04-09 17:00:00,370.938
2021-04-09 18:00:00,152.763
2021-04-09 19:00:00,250.49200000000002
2021-04-09 20:00:00,281.81
2021-04-09 21:00:00,153.17
2021-04-09 22:00:00,167.166
2021-04-09 23:00:00,42.518
2021-04-10 00:00:00,87.96799999999999
2021-04-10 01:00:00,59.372
2021-04-10 02:00:00,8.603
2021-04-10 03:00:00,95.565
2021-04-10 04:00:00,24.094
2021-04-10 05:00:00,50.775
2021-04-10 06:00:00,123.474
2021-04-10 07:00:00,177.115
2021-04-10 08:00:00,218.785
2021-04-10 09:00:00,202.6
2021-04-10 10:00:00,304.548
2021-04-10 11:00:00,287.297
2021-04-10 12:00:00,218.693
2021-04-10 13:00:00,231.687
2021-04-10 14:00:00,336.746
2021-04-10 15:00:00,201.224
2021-04-10 16:00:00,211.813
2021-04-10 17:00:00,237.895
2021-04-10 18:00:00,273.975
2021-04-10 19:00:00,240.295
2021-04-10 20:00:00,206.673
2021-04-10 21:00:00,134.88
2021-04-10 22:00:00,74.141
2021-04-10 23:00:00,123.138
2021-04-11 00:00:00,44.757999999999996
2021-04-11 01:00:00,116.831
2021-04-11 02:00:00,
2021-04-11 03:00:00,20.987000000000002
2021-04-11 04:00:00,27.922000000000004
2021-04-11 05:00:00,35.713
2021-04-11 06:00:00,67.961
2021-04-11 07:00:00,135.054
2021-04-11 08:00:00,294.267
2021-04-11 09:00:00,309.915
2021-04-11 10:00:00,485.116
2021-04-11 11:00:00,272.453
2021-04-11 12:00:00,346.908
2021-04-11 13:00:00,265.329
2021-04-11 14:00:00,265.902
2021-04-11 15:00:00,148.84
2021-04-11 16:00:00,283.698
2021-04-11 17:00:00,191.128
2021-04-11 18:00:00,291.412
2021-04-11 19:00:00,157.712
2021-04-11 20:00:00,212.515
2021-04-11 21:00:00,110.67099999999999
2021-04-11 22:00:00,119.171
2021-04-11 23:00:00,28.119999999999997
2021-04-12 00:00:00,36.322
2021-04-12 01:00:00,21.929
2021-04-12 02:00:00,
2021-04-12 03:00:00,58.262
2021-04-12 04:00:00,63.769000000000005
2021-04-12 05:00:00,122.086
2021-04-12 06:00:00,201.666
2021-04-12 07:00:00,359.312
2021-04-12 08:00:00,246.791
2021-04-12 09:00:00,224.524
2021-04-12 10:00:00,235.146
2021-04-12 11:00:00,236.92
2021-04-12 12:00:00,316.818
2021-04-12 13:00:00,249.595
2021-04-12 14:00:00,268.807
2021-04-12 15:00:00,199.138
2021-04-12 16:00:00,160.772
2021-04-12 17:00:00,134.706
2021-04-12 18:00:00,228.208
2021-04-12 19:00:00,269.562
2021-04-12 20:00:00,209.885
2021-04-12 21:00:00,132.83
2021-04-12 22:00:00,155.07
2021-04-12 23:00:00,19.457
2021-04-13 00:00:00,6.563
2021-04-13 01:00:00,17.396
2021-04-13 02:00:00,17.485
2021-04-13 03:00:00,12.361999999999998
2021-04-13 04:00:00,36.775
2021-04-13 05:00:00,107.454
2021-04-13 06:00:00,219.084
2021-04-13 07:00:00,434.627
2021-04-13 08:00:00,331.954
2021-04-13 09:00:00,222.826
2021-04-13 10:00:00,302.581
2021-04-13 11:00:00,194.571
2021-04-13 12:00:00,277.031
2021-04-13 13:00:00,263.334
2021-04-13 14:00:00,400.096
2021-04-13 15:00:00,280.258
2021-04-13 16:00:00,165.019
2021-04-13 17:00:00,261.444
2021-04-13 18:00:00,254.975
2021-04-13 19:00:00,216.068
2021-04-13 20:00:00,168.061
2021-04-13 21:00:00,246.18099999999998
2021-04-13 22:00:00,115.729
2021-04-13 23:00:00,44.830999999999996
2021-04-14 00:00:00,26.652
2021-04-14 01:00:00,10.404
2021-04-14 02:00:00,37.243
2021-04-14 03:00:00,94.055
2021-04-14 04:00:00,123.602
2021-04-14 05:00:00,161.347
2021-04-14 06:00:00,195.845
2021-04-14 07:00:00,356.26
2021-04-14 08:00:00,317.486
2021-04-14 09:00:00,184.758
2021-04-14 10:00:00,164.982
2021-04-14 11:00:00,247.501
2021-04-14 12:00:00,289.897
2021-04-14 13:00:00,251.257
2021-04-14 14:00:00,276.087
2021-04-14 15:00:00,254.459
2021-04-14 16:00:00,296.659
2021-04-14 17:00:00,165.872
2021-04-14 18:00:00,291.422
2021-04-14 19:00:00,207.279
2021-04-14 20:00:00,264.925
2021-04-14 21:00:00,125.009
2021-04-14 22:00:00,7.451
2021-04-14 23:00:00,66.80799999999999
2021-04-15 00:00:00,59.215
2021-04-15 01:00:00,7.109
2021-04-15 02:00:00,68.05
2021-04-15 03:00:00,40.077
2021-04-15 04:00:00,58.851
2021-04-15 05:00:00,70.291
2021-04-15 06:00:00,130.907
2021-04-15 07:00:00,247.943
2021-04-15 08:00:00,203.227
2021-04-15 09:00:00,229.47
2021-04-15 10:00:00,154.873
2021-04-15 11:00:00,181.167
2021-04-15 12:00:00,253.733
2021-04-15 13:00:00,441.76800000000003
2021-04-15 14:00:00,329.879
2021-04-15 15:00:00,168.386
2021-04-15 16:00:00,240.886
2021-04-15 17:00:00,109.349
2021-04-15 18:00:00,185.373
2021-04-15 19:00:00,209.567
2021-04-15 20:00:00,220.965
2021-04-15 21:00:00,134.008
2021-04-15 22:00:00,99.802
2021-04-15 23:00:00,13.978
2021-04-16 00:00:00,57.812
2021-04-16 01:00:00,13.737
2021-04-16 02:00:00,39.307
2021-04-16 03:00:00,78.67399999999999
2021-04-16 04:00:00,90.86
2021-04-16 05:00:00,68.369
2021-04-16 06:00:00,118.739
2021-04-16 07:00:00,420.06600000000003
2021-04-16 08:00:00,299.245
2021-04-16 09:00:00,255.494
2021-04-16 10:00:00,259.168
2021-04-16 11:00:00,207.65
2021-04-16 12:00:00,332.338
2021-04-16 13:00:00,311.288
2021-04-16 14:00:00,486.221
2021-04-16 15:00:00,290.71
2021-04-16 16:00:00,301.918
2021-04-16 17:00:00,295.39799999999997
2021-04-16 18:00:00,317.105
2021-04-16 19:00:00,238.97899999999998
2021-04-16 20:00:00,282.295
2021-04-16 21:00:00,208.443
2021-04-16 22:00:00,209.14600000000002
2021-04-16 23:00:00,62.239000000000004
2021-04-17 00:00:00,55.909
2021-04-17 01:00:00,27.63
2021-04-17 02:00:00,34.248
2021-04-17 03:00:00,77.27
2021-04-17 04:00:00,15.84
2021-04-17 05:00:00,75.647
2021-04-17 06:00:00,85.929
2021-04-17 07:00:00,269.24399999999997
2021-04-17 08:00:00,222.837
2021-04-17 09:00:00,322.61
2021-04-17 10:00:00,361.447
2021-04-17 11:00:00,375.07099999999997
2021-04-17 12:00:00,358.245
2021-04-17 13:00:00,432.111
2021-04-17 14:00:00,180.799
2021-04-17 15:00:00,166.921
2021-04-17 16:00:00,195.335
2021-04-17 17:00:00,208.39600000000002
2021-04-17 18:00:00,297.219
2021-04-17 19:00:00,130.8
2021-04-17 20:00:00,207.663
2021-04-17 21:00:00,108.515
2021-04-17 22:00:00,170.561
2021-04-17 23:00:00,47.609
2021-04-18 00:00:00,77.777
2021-04-18 01:00:00,74.43
2021-04-18 02:00:00,61.267
2021-04-18 03:00:00,53.103
2021-04-18 04:00:00,122.854
2021-04-18 05:00:00,37.013999999999996
2021-04-18 06:00:00,110.951
2021-04-18 07:00:00,129.662
2021-04-18 08:00:00,280.484
2021-04-18 09:00:00,388.25
2021-04-18 10:00:00,319.835
2021-04-18 11:00:00,380.41700000000003
2021-04-18 12:00:00,294.302
2021-04-18 13:00:00,196.134
2021-04-18 14:00:00,208.669
2021-04-18 15:00:00,170.114
2021-04-18 16:00:00,231.71
2021-04-18 17:00:00,255.349
2021-04-18 18:00:00,271.904
2021-04-18 19:00:00,96.535
2021-04-18 20:00:00,208.43099999999998
2021-04-18 21:00:00,118.163
2021-04-18 22:00:00,159.89
2021-04-18 23:00:00,23.146
2021-04-19 00:00:00,47.277
2021-04-19 01:00:00,20.528
2021-04-19 02:00:00,23.729
2021-04-19 03:00:00,20.296
2021-04-19 04:00:00,104.00699999999999
2021-04-19 05:00:00,133.052
2021-04-19 06:00:00,189.672
2021-04-19 07:00:00,254.667
2021-04-19 08:00:00,316.426
2021-04-19 09:00:00,151.75
2021-04-19 10:00:00,262.73
2021-04-19 11:00:00,145.709
2021-04-19 12:00:00,213.997
2021-04-19 13:00:00,386.716
2021-04-19 14:00:00,210.851
2021-04-19 15:00:00,213.513
2021-04-19 16:00:00,241.725
2021-04-19 17:00:00,200.284
2021-04-19 18:00:00,254.891
2021-04-19 19:00:00,206.56
2021-04-19 20:00:00,171.838
2021-04-19 21:00:00,161.88299999999998
2021-04-19 22:00:00,65.889
2021-04-19 23:00:00,22.888
2021-04-20 00:00:00,38.81
2021-04-20 01:00:00,58.705
2021-04-20 02:00:00,7.093
2021-04-20 03:00:00,36.52
2021-04-20 04:00:00,59.248000000000005
2021-04-20 05:00:00,127.141
2021-04-20 06:00:00,214.903
2021-04-20 07:00:00,500.714
2021-04-20 08:00:00,382.92900000000003
2021-04-20 09:00:00,354.261
2021-04-20 10:00:00,208.79
2021-04-20 11:00:00,331.438
2021-04-20 12:00:00,263.60200000000003
2021-04-20 13:00:00,267.965
2021-04-20 14:00:00,230.22899999999998
2021-04-20 15:00:00,421.61400000000003
2021-04-20 16:00:00,238.976
2021-04-20 17:00:00,308.96000000000004
2021-04-20 18:00:00,285.199
2021-04-20 19:00:00,278.33500000000004
2021-04-20 20:00:00,139.52100000000002
2021-04-20 21:00:00,248.78
2021-04-20 22:00:00,130.808
2021-04-20 23:00:00,117.165
2021-04-21 00:00:00,31.485999999999997
2021-04-21 01:00:00,17.232
2021-04-21 02:00:00,39.209
2021-04-21 03:00:00,50.948
2021-04-21 04:00:00,73.864
2021-04-21 05:00:00,77.71
2021-04-21 06:00:00,188.368
2021-04-21 07:00:00,391.53
2021-04-21 08:00:00,194.136
2021-04-21 09:00:00,274.155
2021-04-21 10:00:00,188.383
2021-04-21 11:00:00,191.509
2021-04-21 12:00:00,270.18
2021-04-21 13:00:00,470.031
2021-04-21 14:00:00,308.7
2021-04-21 15:00:00,267.62
2021-04-21 16:00:00,235.691
2021-04-21 17:00:00,320.522
2021-04-21 18:00:00,306.033
2021-04-21 19:00:00,148.904
2021-04-21 20:00:00,241.868
2021-04-21 21:00:00,236.63
2021-04-21 22:00:00,92.715
2021-04-21 23:00:00,34.358000000000004
2021-04-22 00:00:00,16.907
2021-04-22 01:00:00,34.272000000000006
2021-04-22 02:00:00,35.676
2021-04-22 03:00:00,27.427
2021-04-22 04:00:00,94.587
2021-04-22 05:00:00,84.08
2021-04-22 06:00:00,209.144
2021-04-22 07:00:00,421.474
2021-04-22 08:00:00,246.986
2021-04-22 09:00:00,233.64999999999998
2021-04-22 10:00:00,262.716
2021-04-22 11:00:00,335.167
2021-04-22 12:00:00,275.013
2021-04-22 13:00:00,399.176
2021-04-22 14:00:00,292.31
2021-04-22 15:00:00,249.729
2021-04-22 16:00:00,250.665
2021-04-22 17:00:00,241.058
2021-04-22 18:00:00,318.99399999999997
2021-04-22 19:00:00,229.515
2021-04-22 20:00:00,360.773
2021-04-22 21:00:00,176.831
2021-04-22 22:00:00,73.178
2021-04-22 23:00:00,40.141
2021-04-23 00:00:00,43.308
2021-04-23 01:00:00,15.068999999999999
2021-04-23 02:00:00,38.863
2021-04-23 03:00:00,17.244
2021-04-23 04:00:00,48.707
2021-04-23 05:00:00,164.328
2021-04-23 06:00:00,265.214
2021-04-23 07:00:00,341.653
2021-04-23 08:00:00,319.422
2021-04-23 09:00:00,357.818
2021-04-23 10:00:00,284.189
2021-04-23 11:00:00,363.446
2021-04-23 12:00:00,144.349
2021-04-23 13:00:00,411.759
2021-04-23 14:00:00,454.739
2021-04-23 15:00:00,391.74
2021-04-23 16:00:00,287.033
2021-04-23 17:00:00,252.871
2021-04-23 18:00:00,285.079
2021-04-23 19:00:00,257.23
2021-04-23 20:00:00,394.234
2021-04-23 21:00:00,235.54999999999998
2021-04-23 22:00:00,74.24199999999999
2021-04-23 23:00:00,32.864000000000004
2021-04-24 00:00:00,13.609
2021-04-24 01:00:00,62.19
2021-04-24 02:00:00,58.623
2021-04-24 03:00:00,22.487000000000002
2021-04-24 04:00:00,38.496
2021-04-24 05:00:00,80.612
2021-04-24 06:00:00,88.11800000000001
2021-04-24 07:00:00,285.551
2021-04-24 08:00:00,116.989
2021-04-24 09:00:00,200.263
2021-04-24 10:00:00,339.117
2021-04-24 11:00:00,351.621
2021-04-24 12:00:00,322.841
2021-04-24 13:00:00,301.544
2021-04-24 14:00:00,119.339
2021-04-24 15:00:00,318.462
2021-04-24 16:00:00,262.618
2021-04-24 17:00:00,204.757
2021-04-24 18:00:00,161.891
2021-04-24 19:00:00,388.177
2021-04-24 20:00:00,227.161
2021-04-24 21:00:00,152.711
2021-04-24 22:00:00,149.737
2021-04-24 23:00:00,53.674
2021-04-25 00:00:00,39.149
2021-04-25 01:00:00,50.971000000000004
2021-04-25 02:00:00,5.827
2021-04-25 03:00:00,27.786
2021-04-25 04:00:00,10.729
2021-04-25 05:00:00,22.176000000000002
2021-04-25 06:00:00,82.88300000000001
2021-04-25 07:00:00,149.709
2021-04-25 08:00:00,140.928
2021-04-25 09:00:00,306.983
2021-04-25 10:00:00,332.531
2021-04-25 11:00:00,382.432
2021-04-25 12:00:00,410.31
2021-04-25 13:00:00,222.532
2021-04-25 14:00:00,173.933
2021-04-25 15:00:00,231.767
2021-04-25 16:00:00,265.65
2021-04-25 17:00:00,141.216
2021-04-25 18:00:00,338.366
2021-04-25 19:00:00,129.455
2021-04-25 20:00:00,144.064
2021-04-25 21:00:00,81.50500000000001
2021-04-25 22:00:00,62.55
2021-04-25 23:00:00,8.622
2021-04-26 00:00:00,37.948
2021-04-26 01:00:00,13.762
2021-04-26 02:00:00,31.323999999999998
2021-04-26 03:00:00,56.480000000000004
2021-04-26 04:00:00,28.358999999999998
2021-04-26 05:00:00,108.264
2021-04-26 06:00:00,278.909
2021-04-26 07:00:00,366.377
2021-04-26 08:00:00,265.168
2021-04-26 09:00:00,157.426
2021-04-26 10:00:00,169.975
2021-04-26 11:00:00,208.06799999999998
2021-04-26 12:00:00,327.587
2021-04-26 13:00:00,325.574
2021-04-26 14:00:00,342.983
2021-04-26 15:00:00,236.421
2021-04-26 16:00:00,239.942
2021-04-26 17:00:00,163.162
2021-04-26 18:00:00,242.47799999999998
2021-04-26 19:00:00,398.086
2021-04-26 20:00:00,152.697
2021-04-26 21:00:00,142.576
2021-04-26 22:00:00,128.206
2021-04-26 23:00:00,92.058
2021-04-27 00:00:00,39.338
2021-04-27 01:00:00,
2021-04-27 02:00:00,52.618
2021-04-27 03:00:00,28.884999999999998
2021-04-27 04:00:00,66.839
2021-04-27 05:00:00,132.09199999999998
2021-04-27 06:00:00,187.669
2021-04-27 07:00:00,209.075
2021-04-27 08:00:00,208.406
2021-04-27 09:00:00,192.274
2021-04-27 10:00:00,301.08
2021-04-27 11:00:00,265.588
2021-04-27 12:00:00,198.59
2021-04-27 13:00:00,587.547
2021-04-27 14:00:00,272.617
2021-04-27 15:00:00,174.008
2021-04-27 16:00:00,211.299
2021-04-27 17:00:00,290.221
2021-04-27 18:00:00,204.636
2021-04-27 19:00:00,252.87800000000001
2021-04-27 20:00:00,295.55600000000004
2021-04-27 21:00:00,195.311
2021-04-27 22:00:00,236.163
2021-04-27 23:00:00,26.825000000000003
2021-04-28 00:00:00,32.213
2021-04-28 01:00:00,29.683
2021-04-28 02:00:00,113.79
2021-04-28 03:00:00,44.512
2021-04-28 04:00:00,57.479
2021-04-28 05:00:00,133.921
2021-04-28 06:00:00,244.473
2021-04-28 07:00:00,362.606
2021-04-28 08:00:00,362.01800000000003
2021-04-28 09:00:00,295.094
2021-04-28 10:00:00,219.15200000000002
2021-04-28 11:00:00,282.379
2021-04-28 12:00:00,157.12
2021-04-28 13:00:00,373.579
2021-04-28 14:00:00,248.804
2021-04-28 15:00:00,253.095
2021-04-28 16:00:00,288.434
2021-04-28 17:00:00,336.997
2021-04-28 18:00:00,373.30899999999997
2021-04-28 19:00:00,240.655
2021-04-28 20:00:00,217.855
2021-04-28 21:00:00,125.134
2021-04-28 22:00:00,65.453
2021-04-28 23:00:00,31.045
2021-04-29 00:00:00,71.409
2021-04-29 01:00:00,18.811
2021-04-29 02:00:00,46.074
2021-04-29 03:00:00,86.872
2021-04-29 04:00:00,64.359
2021-04-29 05:00:00,71.398
2021-04-29 06:00:00,231.801
2021-04-29 07:00:00,387.5
2021-04-29 08:00:00,328.937
2021-04-29 09:00:00,168.093
2021-04-29 10:00:00,364.182
2021-04-29 11:00:00,288.716
2021-04-29 12:00:00,300.813
2021-04-29 13:00:00,245.477
2021-04-29 14:00:00,412.333
2021-04-29 15:00:00,196.411
2021-04-29 16:00:00,247.851
2021-04-29 17:00:00,278.033
2021-04-29 18:00:00,237.078
2021-04-29 19:00:00,157.589
2021-04-29 20:00:00,234.394
2021-04-29 21:00:00,223.313
2021-04-29 22:00:00,138.594
2021-04-29 23:00:00,16.731
2021-04-30 00:00:00,31.633000000000003
2021-04-30 01:00:00,23.211000000000002
2021-04-30 02:00:00,8.239
2021-04-30 03:00:00,21.86
2021-04-30 04:00:00,80.387
2021-04-30 05:00:00,129.169
2021-04-30 06:00:00,219.857
2021-04-30 07:00:00,354.898
2021-04-30 08:00:00,260.159
2021-04-30 09:00:00,291.435
2021-04-30 10:00:00,308.856
2021-04-30 11:00:00,261.821
2021-04-30 12:00:00,343.608
2021-04-30 13:00:00,419.858
2021-04-30 14:00:00,348.596
2021-04-30 15:00:00,273.688
2021-04-30 16:00:00,373.217
2021-04-30 17:00:00,304.677
2021-04-30 18:00:00,313.987
2021-04-30 19:00:00,371.748
2021-04-30 20:00:00,337.13599999999997
2021-04-30 21:00:00,243.41899999999998
2021-04-30 22:00:00,171.96
2021-04-30 23:00:00,84.107
2021-05-01 00:00:00,37.4
2021-05-01 01:00:00,26.819
2021-05-01 02:00:00,87.102
2021-05-01 03:00:00,63.833999999999996
2021-05-01 04:00:00,81.015
2021-05-01 05:00:00,71.269
2021-05-01 06:00:00,88.97
2021-05-01 07:00:00,232.701
2021-05-01 08:00:00,501.943
2021-05-01 09:00:00,249.378
2021-05-01 10:00:00,452.002
2021-05-01 11:00:00,515.721
2021-05-01 12:00:00,576.686
2021-05-01 13:00:00,429.709
2021-05-01 14:00:00,262.30400000000003
2021-05-01 15:00:00,125.652
2021-05-01 16:00:00,261.901
2021-05-01 17:00:00,242.66799999999998
2021-05-01 18:00:00,211.11599999999999
2021-05-01 19:00:00,146.164
2021-05-01 20:00:00,160.809
2021-05-01 21:00:00,164.603
2021-05-01 22:00:00,120.134
2021-05-01 23:00:00,58.861
2021-05-02 00:00:00,35.687999999999995
2021-05-02 01:00:00,25.755
2021-05-02 02:00:00,16.537
2021-05-02 03:00:00,41.31
2021-05-02 04:00:00,34.0
2021-05-02 05:00:00,51.236999999999995
2021-05-02 06:00:00,76.482
2021-05-02 07:00:00,80.725
2021-05-02 08:00:00,212.43
2021-05-02 09:00:00,338.137
2021-05-02 10:00:00,256.02299999999997
2021-05-02 11:00:00,459.741
2021-05-02 12:00:00,483.256
2021-05-02 13:00:00,442.277
2021-05-02 14:00:00,182.408
2021-05-02 15:00:00,148.823
2021-05-02 16:00:00,345.806
2021-05-02 17:00:00,273.71500000000003
2021-05-02 18:00:00,241.807
2021-05-02 19:00:00,286.80899999999997
2021-05-02 20:00:00,280.286
2021-05-02 21:00:00,154.855
2021-05-02 22:00:00,48.733000000000004
2021-05-02 23:00:00,34.573
2021-05-03 00:00:00,71.456
2021-05-03 01:00:00,7.822
2021-05-03 02:00:00,36.821
2021-05-03 03:00:00,48.319
2021-05-03 04:00:00,71.974
2021-05-03 05:00:00,115.902
2021-05-03 06:00:00,248.39700000000002
2021-05-03 07:00:00,329.706
2021-05-03 08:00:00,235.50400000000002
2021-05-03 09:00:00,241.394
2021-05-03 10:00:00,207.078
2021-05-03 11:00:00,322.42900000000003
2021-05-03 12:00:00,281.34499999999997
2021-05-03 13:00:00,357.47700000000003
2021-05-03 14:00:00,358.04699999999997
2021-05-03 15:00:00,174.15
2021-05-03 16:00:00,185.686
2021-05-03 17:00:00,236.763
2021-05-03 18:00:00,248.022
2021-05-03 19:00:00,294.028
2021-05-03 20:00:00,190.146
2021-05-03 21:00:00,218.798
2021-05-03 22:00:00,89.66
2021-05-03 23:00:00,67.396
2021-05-04 00:00:00,49.394
2021-05-04 01:00:00,30.348
2021-05-04 02:00:00,28.091
2021-05-04 03:00:00,87.263
2021-05-04 04:00:00,42.916
2021-05-04 05:00:00,132.926
2021-05-04 06:00:00,199.298
2021-05-04 07:00:00,319.805
2021-05-04 08:00:00,334.555
2021-05-04 09:00:00,243.612
2021-05-04 10:00:00,163.077
2021-05-04 11:00:00,322.555
2021-05-04 12:00:00,245.532
2021-05-04 13:00:00,222.826
2021-05-04 14:00:00,468.814
2021-05-04 15:00:00,229.06900000000002
2021-05-04 16:00:00,242.418
2021-05-04 17:00:00,263.924
2021-05-04 18:00:00,292.362
2021-05-04 19:00:00,257.875
2021-05-04 20:00:00,261.039
2021-05-04 21:00:00,170.66
2021-05-04 22:00:00,128.04
2021-05-04 23:00:00,38.318
2021-05-05 00:00:00,58.915
2021-05-05 01:00:00,35.39
2021-05-05 02:00:00,54.976
2021-05-05 03:00:00,36.535
2021-05-05 04:00:00,37.565
2021-05-05 05:00:00,147.559
2021-05-05 06:00:00,192.738
2021-05-05 07:00:00,314.789
2021-05-05 08:00:00,295.815
2021-05-05 09:00:00,145.425
2021-05-05 10:00:00,249.11
2021-05-05 11:00:00,231.752
2021-05-05 12:00:00,341.6
2021-05-05 13:00:00,236.123
2021-05-05 14:00:00,593.797
2021-05-05 15:00:00,221.797
2021-05-05 16:00:00,292.061
2021-05-05 17:00:00,199.52700000000002
2021-05-05 18:00:00,309.98
2021-05-05 19:00:00,176.23
2021-05-05 20:00:00,196.00300000000001
2021-05-05 21:00:00,163.925
2021-05-05 22:00:00,111.63900000000001
2021-05-05 23:00:00,47.953
2021-05-06 00:00:00,41.084
2021-05-06 01:00:00,9.907
2021-05-06 02:00:00,23.927999999999997
2021-05-06 03:00:00,50.041
2021-05-06 04:00:00,52.961
2021-05-06 05:00:00,95.484
2021-05-06 06:00:00,282.65
2021-05-06 07:00:00,347.938
2021-05-06 08:00:00,377.611
2021-05-06 09:00:00,210.889
2021-05-06 10:00:00,359.553
2021-05-06 11:00:00,293.387
2021-05-06 12:00:00,344.569
2021-05-06 13:00:00,359.562
2021-05-06 14:00:00,428.84799999999996
2021-05-06 15:00:00,196.703
2021-05-06 16:00:00,197.073
2021-05-06 17:00:00,260.896
2021-05-06 18:00:00,271.31
2021-05-06 19:00:00,298.431
2021-05-06 20:00:00,247.434
2021-05-06 21:00:00,131.235
2021-05-06 22:00:00,144.798
2021-05-06 23:00:00,40.29
2021-05-07 00:00:00,24.747
2021-05-07 01:00:00,74.702
2021-05-07 02:00:00,7.073
2021-05-07 03:00:00,44.655
2021-05-07 04:00:00,67.069
2021-05-07 05:00:00,138.809
2021-05-07 06:00:00,211.715
2021-05-07 07:00:00,319.606
2021-05-07 08:00:00,170.546
2021-05-07 09:00:00,304.594
2021-05-07 10:00:00,370.359
2021-05-07 11:00:00,293.667
2021-05-07 12:00:00,322.751
2021-05-07 13:00:00,309.073
2021-05-07 14:00:00,354.013
2021-05-07 15:00:00,343.815
2021-05-07 16:00:00,365.326
2021-05-07 17:00:00,201.70100000000002
2021-05-07 18:00:00,218.028
2021-05-07 19:00:00,506.301
2021-05-07 20:00:00,293.487
2021-05-07 21:00:00,254.916
2021-05-07 22:00:00,110.033
2021-05-07 23:00:00,45.136
2021-05-08 00:00:00,40.299
2021-05-08 01:00:00,29.035
2021-05-08 02:00:00,33.336
2021-05-08 03:00:00,48.265
2021-05-08 04:00:00,15.007
2021-05-08 05:00:00,61.062
2021-05-08 06:00:00,216.139
2021-05-08 07:00:00,293.545
2021-05-08 08:00:00,267.31600000000003
2021-05-08 09:00:00,400.335
2021-05-08 10:00:00,326.367
2021-05-08 11:00:00,333.406
2021-05-08 12:00:00,230.629
2021-05-08 13:00:00,316.818
2021-05-08 14:00:00,327.738
2021-05-08 15:00:00,187.165
2021-05-08 16:00:00,310.367
2021-05-08 17:00:00,395.106
2021-05-08 18:00:00,360.024
2021-05-08 19:00:00,203.542
2021-05-08 20:00:00,262.576
2021-05-08 21:00:00,308.065
2021-05-08 22:00:00,285.259
2021-05-08 23:00:00,59.489000000000004
2021-05-09 00:00:00,62.562
2021-05-09 01:00:00,78.122
2021-05-09 02:00:00,16.159
2021-05-09 03:00:00,102.072
2021-05-09 04:00:00,80.93
2021-05-09 05:00:00,58.099000000000004
2021-05-09 06:00:00,99.146
2021-05-09 07:00:00,219.603
2021-05-09 08:00:00,249.83
2021-05-09 09:00:00,207.292
2021-05-09 10:00:00,344.993
2021-05-09 11:00:00,379.74
2021-05-09 12:00:00,401.967
2021-05-09 13:00:00,317.958
2021-05-09 14:00:00,178.253
2021-05-09 15:00:00,268.29
2021-05-09 16:00:00,163.932
2021-05-09 17:00:00,344.716
2021-05-09 18:00:00,350.875
2021-05-09 19:00:00,347.856
2021-05-09 20:00:00,162.802
2021-05-09 21:00:00,240.787
2021-05-09 22:00:00,86.639
2021-05-09 23:00:00,154.489
