"","X","Y","tmin","date"
"1",-2.95638888888889,35.2763888888889,13.6,2021-01-08
"2",-5.34694444444444,35.8886111111111,11.6,2021-01-08
"3",-5.59888888888889,36.0138888888889,11.1,2021-01-08
"4",-4.48166666666667,36.7177777777778,10.6,2021-01-08
"5",-4.48222222222222,36.6661111111111,10.3,2021-01-08
"6",-5.155,36.4169444444444,10.2,2021-01-08
"7",-3.02055555555556,36.7472222222222,9.3,2021-01-08
"8",-2.70166666666667,36.6869444444444,9,2021-01-08
"9",-5.965,36.2455555555556,9,2021-01-08
"10",-2.35694444444444,36.8463888888889,8.4,2021-01-08
"11",-6.20555555555556,36.4655555555556,8.1,2021-01-08
"12",-6.25777777777778,36.4997222222222,8.1,2021-01-08
"13",0.167777777777778,38.7836111111111,7.8,2021-01-08
"14",1.38444444444444,38.8763888888889,7.5,2021-01-08
"15",-7.395,37.1947222222222,7,2021-01-08
"16",-1.58694444444444,37.4172222222222,6.9,2021-01-08
"17",3.47805555555556,39.7166666666667,6.9,2021-01-08
"18",-5.085,37.5161111111111,6.8,2021-01-08
"19",-6.05583333333333,36.7505555555556,6.8,2021-01-08
"20",-5.61138888888889,37.1644444444444,6.8,2021-01-08
"21",-6.3325,36.6388888888889,6.8,2021-01-08
"22",2.62527777777778,39.5552777777778,6.7,2021-01-08
"23",-5.87916666666667,37.4166666666667,6.7,2021-01-08
"24",3.01666666666667,39.7491666666667,6.6,2021-01-08
"25",4.21555555555556,39.8547222222222,6.4,2021-01-08
"26",-0.494166666666667,38.3725,6.3,2021-01-08
"27",-0.570833333333333,38.2827777777778,6.3,2021-01-08
"28",-0.805833333333333,37.7783333333333,6.2,2021-01-08
"29",2.73666666666667,39.5608333333333,6.2,2021-01-08
"30",-0.987777777777778,37.6011111111111,6.1,2021-01-08
"31",-4.77,37.1944444444444,5.9,2021-01-08
"32",-4.74833333333333,37.0294444444444,5.8,2021-01-08
"33",3.01916666666667,39.5216666666667,5.8,2021-01-08
"34",-6.91166666666667,37.2783333333333,5.7,2021-01-08
"35",-0.803333333333333,37.7888888888889,5.5,2021-01-08
"36",-4.84666666666667,37.8488888888889,5.5,2021-01-08
"37",-6.73805555555556,37.0980555555556,5.4,2021-01-08
"38",-0.0958333333333333,38.9288888888889,5.2,2021-01-08
"39",-7.68472222222222,43.7861111111111,5.1,2021-01-08
"40",-0.366388888888889,39.4805555555556,5,2021-01-08
"41",-0.371944444444444,39.1847222222222,4.6,2021-01-08
"42",-4.74805555555556,43.4202777777778,4.6,2021-01-08
"43",-3.78944444444444,37.1897222222222,4.4,2021-01-08
"44",-4.06333333333333,38.0230555555556,4.4,2021-01-08
"45",-1.94361111111111,37.3905555555556,4.3,2021-01-08
"46",-0.366388888888889,39.4805555555556,4.3,2021-01-08
"47",-4.35388888888889,37.5561111111111,4.2,2021-01-08
"48",-0.0719444444444444,39.9572222222222,4.2,2021-01-08
"49",-1.17083333333333,38.0019444444444,4.2,2021-01-08
"50",-0.474722222222222,39.485,4.1,2021-01-08
"51",-9.21083333333333,43.1605555555556,4.1,2021-01-08
"52",-5.37416666666667,36.7605555555556,3.9,2021-01-08
"53",-0.523611111111111,39.0016666666667,3.8,2021-01-08
"54",-3.63138888888889,37.1372222222222,3.5,2021-01-08
"55",-3.80888888888889,37.7775,3.5,2021-01-08
"56",-1.22861111111111,37.9577777777778,3.4,2021-01-08
"57",-2.75277777777778,43.4538888888889,3.3,2021-01-08
"58",-1.68722222222222,37.6547222222222,3.2,2021-01-08
"59",-9.29138888888889,42.9247222222222,3.2,2021-01-08
"60",2.88583333333333,39.8233333333333,3.1,2021-01-08
"61",-2.88972222222222,38.3147222222222,3,2021-01-08
"62",-5.88055555555556,38.9555555555556,2.9,2021-01-08
"63",-8.42138888888889,43.3658333333333,2.9,2021-01-08
"64",-5.84861111111111,43.6558333333333,2.7,2021-01-08
"65",-6.765,38.2986111111111,2.6,2021-01-08
"66",-6.38555555555556,38.9158333333333,2.5,2021-01-08
"67",-3.80055555555556,43.4911111111111,2.5,2021-01-08
"68",-3.80055555555556,43.4911111111111,2.4,2021-01-08
"69",-5.76972222222222,37.9263888888889,2.3,2021-01-08
"70",2.2,41.3905555555556,2.3,2021-01-08
"71",-3.23388888888889,43.3947222222222,2.2,2021-01-08
"72",-5.12111111111111,38.4986111111111,2.2,2021-01-08
"73",-3.02166666666667,43.375,2.1,2021-01-08
"74",-5.70083333333333,43.56,2.1,2021-01-08
"75",-1.38055555555556,38.2327777777778,1.6,2021-01-08
"76",-6.81388888888889,38.8833333333333,1.4,2021-01-08
"77",-6.675,37.8686111111111,1.4,2021-01-08
"78",-3.04694444444444,39.5975,1.3,2021-01-08
"79",-6.01694444444444,38.2316666666667,1.3,2021-01-08
"80",2.54,41.5875,1.3,2021-01-08
"81",2.07,41.2927777777778,1.2,2021-01-08
"82",0.493333333333333,40.8202777777778,1.2,2021-01-08
"83",-4.60888888888889,38.3330555555556,1.2,2021-01-08
"84",-1.03805555555556,38.3997222222222,1,2021-01-08
"85",-2.735,37.5058333333333,1,2021-01-08
"86",-4.61638888888889,39.0886111111111,0.9,2021-01-08
"87",-6.47,43.5691666666667,0.8,2021-01-08
"88",-3.39138888888889,38.7505555555556,0.5,2021-01-08
"89",-5.06222222222222,39.1694444444444,0.5,2021-01-08
"90",-3.92027777777778,38.9891666666667,0.4,2021-01-08
"91",2.69694444444444,41.6508333333333,0.4,2021-01-08
"92",-1.87722222222222,38.1025,0.3,2021-01-08
"93",-4.39222222222222,43.3933333333333,0.1,2021-01-08
"94",-2.04111111111111,43.3063888888889,0,2021-01-08
"95",-1.86222222222222,39.0055555555556,0,2021-01-08
"96",-1.15972222222222,38.6016666666667,0,2021-01-08
"97",-7.23111111111111,39.4147222222222,0,2021-01-08
"98",-2.42055555555556,39.4166666666667,-0.1,2021-01-08
"99",-3.56666666666667,38.5180555555556,-0.1,2021-01-08
"100",-1.70305555555556,38.5419444444444,-0.1,2021-01-08
"101",-1.24472222222222,39.5755555555556,-0.1,2021-01-08
"102",-1.85638888888889,38.9541666666667,-0.2,2021-01-08
"103",2.71305555555556,39.735,-0.2,2021-01-08
"104",2.12416666666667,41.4183333333333,-0.2,2021-01-08
"105",-2.90638888888889,43.2980555555556,-0.3,2021-01-08
"106",-8.55583333333333,42.8761111111111,-0.3,2021-01-08
"107",-2.13194444444444,40.0672222222222,-0.5,2021-01-08
"108",-6.33888888888889,39.4713888888889,-0.5,2021-01-08
"109",-3.82555555555556,43.4238888888889,-0.6,2021-01-08
"110",-6.04416666666667,43.5669444444444,-0.6,2021-01-08
"111",-4.59083333333333,40.2886111111111,-0.8,2021-01-08
"112",-3.10472222222222,43.2033333333333,-0.9,2021-01-08
"113",-3.67805555555556,40.4119444444444,-1,2021-01-08
"114",-6.08583333333333,40.0430555555556,-1.1,2021-01-08
"115",-4.04527777777778,39.8847222222222,-1.1,2021-01-08
"116",-6.5575,40.0036111111111,-1.1,2021-01-08
"117",-1.66,38.9358333333333,-1.2,2021-01-08
"118",-8.61583333333333,42.4383333333333,-1.2,2021-01-08
"119",-2.25111111111111,43.3022222222222,-1.3,2021-01-08
"120",-7.85972222222222,42.3252777777778,-1.4,2021-01-08
"121",-8.62722222222222,42.7383333333333,-1.5,2021-01-08
"122",-3.72222222222222,40.2994444444444,-1.6,2021-01-08
"123",-0.935,41.6208333333333,-1.6,2021-01-08
"124",-7.03138888888889,43.5247222222222,-1.7,2021-01-08
"125",-3.78611111111111,40.3755555555556,-1.8,2021-01-08
"126",-8.41055555555556,42.8880555555556,-1.8,2021-01-08
"127",-4.86361111111111,39.9586111111111,-1.9,2021-01-08
"128",-5.5825,39.9458333333333,-2,2021-01-08
"129",-2.33111111111111,42.4522222222222,-2.1,2021-01-08
"130",-5.87416666666667,43.3533333333333,-2.1,2021-01-08
"131",-5.87416666666667,43.3533333333333,-2.1,2021-01-08
"132",-3.02138888888889,40.0113888888889,-2.2,2021-01-08
"133",-8.62388888888889,42.2386111111111,-2.4,2021-01-08
"134",-5.62111111111111,43.5230555555556,-2.6,2021-01-08
"135",-3.15,40.6302777777778,-2.7,2021-01-08
"136",-1.12416666666667,40.3505555555556,-2.8,2021-01-08
"137",-1.00416666666667,41.6605555555556,-2.9,2021-01-08
"138",-3.765,40.6961111111111,-2.9,2021-01-08
"139",-1.79222222222222,43.3569444444444,-2.9,2021-01-08
"140",-4.35055555555556,39.5469444444444,-2.9,2021-01-08
"141",1.16361111111111,41.145,-3,2021-01-08
"142",-1.79222222222222,43.3569444444444,-3,2021-01-08
"143",-3.72416666666667,40.4516666666667,-3,2021-01-08
"144",-8.37194444444444,43.3069444444444,-3.2,2021-01-08
"145",-6.6,40.635,-3.2,2021-01-08
"146",-0.237777777777778,40.9466666666667,-3.4,2021-01-08
"147",-2.15,40.5302777777778,-3.4,2021-01-08
"148",-2.41333333333333,43.2094444444445,-3.5,2021-01-08
"149",-1.29333333333333,40.9261111111111,-3.6,2021-01-08
"150",2.76333333333333,41.9116666666667,-3.7,2021-01-08
"151",-0.141666666666667,41.0580555555556,-3.7,2021-01-08
"152",-8.0925,42.4213888888889,-3.9,2021-01-08
"153",-5.66222222222222,40.9575,-4,2021-01-08
"154",0.598055555555556,41.6261111111111,-4,2021-01-08
"155",-4.75444444444444,41.6408333333333,-4,2021-01-08
"156",-7.4575,43.1113888888889,-4.1,2021-01-08
"157",-3.55555555555556,40.4666666666667,-4.3,2021-01-08
"158",1.84027777777778,41.72,-4.4,2021-01-08
"159",-1.41,41.1144444444444,-4.4,2021-01-08
"160",-1.87888888888889,40.8416666666667,-4.5,2021-01-08
"161",2.76361111111111,42.1044444444444,-4.5,2021-01-08
"162",-0.255833333333333,40.4333333333333,-4.6,2021-01-08
"163",-1.54305555555556,43.1358333333333,-4.6,2021-01-08
"164",-4.61722222222222,42.3508333333333,-4.6,2021-01-08
"165",-4.85555555555556,41.7119444444444,-4.7,2021-01-08
"166",-2.3175,43.08,-4.7,2021-01-08
"167",-0.186666666666667,40.4986111111111,-5.1,2021-01-08
"168",-4.25,40.4277777777778,-5.2,2021-01-08
"169",-1.63833333333333,42.8177777777778,-5.2,2021-01-08
"170",-6.43777777777778,41.0113888888889,-5.4,2021-01-08
"171",-1.64527777777778,41.3311111111111,-5.5,2021-01-08
"172",-3.44361111111111,40.4886111111111,-5.6,2021-01-08
"173",-1.47527777777778,42.1986111111111,-5.6,2021-01-08
"174",-1.5325,42.7761111111111,-5.6,2021-01-08
"175",-3.93388888888889,42.8063888888889,-5.6,2021-01-08
"176",-5.66666666666667,42.0108333333333,-5.7,2021-01-08
"177",-3.62027777777778,42.3569444444444,-5.9,2021-01-08
"178",-4.60277777777778,41.9955555555556,-6,2021-01-08
"179",-3.48277777777778,42.92,-6,2021-01-08
"180",-5.73527777777778,41.5155555555556,-6.2,2021-01-08
"181",0.865277777777778,42.2052777777778,-6.4,2021-01-08
"182",-5.49833333333333,40.9594444444445,-6.4,2021-01-08
"183",-4.52,42.8705555555556,-6.6,2021-01-08
"184",-1.65,42.7769444444444,-6.6,2021-01-08
"185",-0.325555555555556,42.0844444444444,-6.7,2021-01-08
"186",-7.73361111111111,42.0791666666667,-6.9,2021-01-08
"187",-2.735,42.8819444444444,-6.9,2021-01-08
"188",2.19611111111111,42.1913888888889,-7.2,2021-01-08
"189",-6.6,42.5638888888889,-7.3,2021-01-08
"190",-4.12638888888889,40.9452777777778,-7.4,2021-01-08
"191",-2.73277777777778,42.8719444444444,-7.5,2021-01-08
"192",-7.2825,42.3394444444444,-7.8,2021-01-08
"193",-5.65111111111111,42.5883333333333,-8.1,2021-01-08
"194",-4.14194444444444,40.7063888888889,-8.1,2021-01-08
"195",-5.77638888888889,42.9786111111111,-8.2,2021-01-08
"196",-4.16055555555556,42.9919444444444,-8.3,2021-01-08
"197",-4.68,40.6591666666667,-8.6,2021-01-08
"198",-1.21361111111111,42.4908333333333,-8.8,2021-01-08
"199",-2.61805555555556,41.0863888888889,-8.8,2021-01-08
"200",-6.27972222222222,41.9413888888889,-8.9,2021-01-08
"201",1.93944444444444,42.3325,-8.9,2021-01-08
"202",-0.673055555555556,42.7088888888889,-9.2,2021-01-08
"203",-3.61361111111111,41.0069444444444,-9.3,2021-01-08
"204",-3.58027777777778,41.1355555555556,-9.4,2021-01-08
"205",-4.01055555555556,40.7930555555556,-9.5,2021-01-08
"206",-3.74277777777778,41.6658333333333,-10.2,2021-01-08
"207",1.46305555555556,42.3547222222222,-10.4,2021-01-08
"208",-3.47527777777778,41.1919444444444,-10.4,2021-01-08
"209",-2.48305555555556,41.775,-11.1,2021-01-08
"210",-6.19666666666667,42.3775,-11.7,2021-01-08
"211",-0.546944444444444,42.5788888888889,-11.8,2021-01-08
"212",-6.41416666666667,42.9941666666667,-12.2,2021-01-08
"213",0.876944444444445,42.7002777777778,-12.7,2021-01-08
"214",-5.37694444444444,43.0622222222222,-12.9,2021-01-08
"215",-3.13166666666667,41.9597222222222,-14.9,2021-01-08
"216",-2.95638888888889,35.2763888888889,10.7,2021-01-09
"217",2.62527777777778,39.5552777777778,9.5,2021-01-09
"218",1.38444444444444,38.8763888888889,9.3,2021-01-09
"219",4.21555555555556,39.8547222222222,9.2,2021-01-09
"220",3.47805555555556,39.7166666666667,9.1,2021-01-09
"221",2.73666666666667,39.5608333333333,9,2021-01-09
"222",-4.61833333333333,36.5386111111111,8.5,2021-01-09
"223",3.01666666666667,39.7491666666667,8.4,2021-01-09
"224",-1.58694444444444,37.4172222222222,8.3,2021-01-09
"225",-6.25777777777778,36.4997222222222,8.1,2021-01-09
"226",-2.70166666666667,36.6869444444444,7.9,2021-01-09
"227",-4.48166666666667,36.7177777777778,7.9,2021-01-09
"228",-0.987777777777778,37.6011111111111,7.9,2021-01-09
"229",3.01916666666667,39.5216666666667,7.8,2021-01-09
"230",-3.02055555555556,36.7472222222222,7.5,2021-01-09
"231",-2.35694444444444,36.8463888888889,7.5,2021-01-09
"232",-4.48222222222222,36.6661111111111,7.3,2021-01-09
"233",-5.34694444444444,35.8886111111111,6.7,2021-01-09
"234",-5.155,36.4169444444444,6.5,2021-01-09
"235",-0.805833333333333,37.7783333333333,6.3,2021-01-09
"236",-6.20555555555556,36.4655555555556,6.3,2021-01-09
"237",-0.803333333333333,37.7888888888889,6,2021-01-09
"238",-5.59888888888889,36.0138888888889,5.9,2021-01-09
"239",-6.3325,36.6388888888889,5.2,2021-01-09
"240",-0.570833333333333,38.2827777777778,5.1,2021-01-09
"241",-1.22861111111111,37.9577777777778,5,2021-01-09
"242",-1.17083333333333,38.0019444444444,5,2021-01-09
"243",0.167777777777778,38.7836111111111,5,2021-01-09
"244",-1.94361111111111,37.3905555555556,4.9,2021-01-09
"245",-0.494166666666667,38.3725,4.7,2021-01-09
"246",-5.965,36.2455555555556,4.6,2021-01-09
"247",-8.42138888888889,43.3658333333333,4.4,2021-01-09
"248",-1.68722222222222,37.6547222222222,4.2,2021-01-09
"249",2.88583333333333,39.8233333333333,4.2,2021-01-09
"250",-5.61138888888889,37.1644444444444,4.2,2021-01-09
"251",-0.371944444444444,39.1847222222222,4.2,2021-01-09
"252",-4.74805555555556,43.4202777777778,4.2,2021-01-09
"253",-0.0958333333333333,38.9288888888889,4,2021-01-09
"254",-5.87916666666667,37.4166666666667,4,2021-01-09
"255",-0.366388888888889,39.4805555555556,4,2021-01-09
"256",-4.74833333333333,37.0294444444444,3.8,2021-01-09
"257",-0.366388888888889,39.4805555555556,3.8,2021-01-09
"258",-3.78944444444444,37.1897222222222,3.8,2021-01-09
"259",2.2,41.3905555555556,3.8,2021-01-09
"260",-7.68472222222222,43.7861111111111,3.7,2021-01-09
"261",-0.0719444444444444,39.9572222222222,3.6,2021-01-09
"262",-3.02166666666667,43.375,3.5,2021-01-09
"263",-6.05583333333333,36.7505555555556,3.4,2021-01-09
"264",-3.80055555555556,43.4911111111111,3.2,2021-01-09
"265",-3.80055555555556,43.4911111111111,3.2,2021-01-09
"266",-4.84666666666667,37.8488888888889,3.1,2021-01-09
"267",-3.63138888888889,37.1372222222222,3,2021-01-09
"268",-9.29138888888889,42.9247222222222,3,2021-01-09
"269",-3.23388888888889,43.3947222222222,2.8,2021-01-09
"270",2.54,41.5875,2.8,2021-01-09
"271",-2.78,37.1413888888889,2.6,2021-01-09
"272",-6.91166666666667,37.2783333333333,2.6,2021-01-09
"273",-5.88055555555556,38.9555555555556,2.5,2021-01-09
"274",2.07,41.2927777777778,2.5,2021-01-09
"275",-5.70083333333333,43.56,2.5,2021-01-09
"276",-7.395,37.1947222222222,2.5,2021-01-09
"277",-4.39222222222222,43.3933333333333,2.4,2021-01-09
"278",-4.35388888888889,37.5561111111111,2.4,2021-01-09
"279",-6.38555555555556,38.9158333333333,2.3,2021-01-09
"280",-6.81388888888889,38.8833333333333,2.3,2021-01-09
"281",2.71305555555556,39.735,2.2,2021-01-09
"282",-6.5575,40.0036111111111,2.2,2021-01-09
"283",1.16361111111111,41.145,2.1,2021-01-09
"284",-8.55583333333333,42.8761111111111,2,2021-01-09
"285",-5.5825,39.9458333333333,2,2021-01-09
"286",-6.73805555555556,37.0980555555556,1.9,2021-01-09
"287",-1.38055555555556,38.2327777777778,1.9,2021-01-09
"288",-5.84861111111111,43.6558333333333,1.9,2021-01-09
"289",-4.77,37.1944444444444,1.9,2021-01-09
"290",-6.47,43.5691666666667,1.8,2021-01-09
"291",2.69694444444444,41.6508333333333,1.8,2021-01-09
"292",-0.523611111111111,39.0016666666667,1.7,2021-01-09
"293",-3.80888888888889,37.7775,1.7,2021-01-09
"294",-0.474722222222222,39.485,1.6,2021-01-09
"295",-3.82555555555556,43.4238888888889,1.5,2021-01-09
"296",-6.08583333333333,40.0430555555556,1.5,2021-01-09
"297",-2.90638888888889,43.2980555555556,1.4,2021-01-09
"298",2.76333333333333,41.9116666666667,1.2,2021-01-09
"299",-2.25111111111111,43.3022222222222,1.1,2021-01-09
"300",-4.86361111111111,39.9586111111111,1,2021-01-09
"301",-8.61583333333333,42.4383333333333,0.9,2021-01-09
"302",-4.06333333333333,38.0230555555556,0.9,2021-01-09
"303",-8.62722222222222,42.7383333333333,0.7,2021-01-09
"304",-8.37194444444444,43.3069444444444,0.7,2021-01-09
"305",0.493333333333333,40.8202777777778,0.6,2021-01-09
"306",2.76361111111111,42.1044444444444,0.6,2021-01-09
"307",-6.675,37.8686111111111,0.6,2021-01-09
"308",-7.23111111111111,39.4147222222222,0.6,2021-01-09
"309",-6.33888888888889,39.4713888888889,0.6,2021-01-09
"310",-1.03805555555556,38.3997222222222,0.5,2021-01-09
"311",-5.76972222222222,37.9263888888889,0.5,2021-01-09
"312",2.12416666666667,41.4183333333333,0.5,2021-01-09
"313",-1.79222222222222,43.3569444444444,0.4,2021-01-09
"314",1.84027777777778,41.72,0.4,2021-01-09
"315",-6.04416666666667,43.5669444444444,0.3,2021-01-09
"316",-1.79222222222222,43.3569444444444,0.3,2021-01-09
"317",2.19611111111111,42.1913888888889,0.2,2021-01-09
"318",-6.01694444444444,38.2316666666667,0.2,2021-01-09
"319",-4.59083333333333,40.2886111111111,0.2,2021-01-09
"320",-3.10472222222222,43.2033333333333,0.2,2021-01-09
"321",-5.06222222222222,39.1694444444444,0.1,2021-01-09
"322",-8.41055555555556,42.8880555555556,0.1,2021-01-09
"323",-2.88972222222222,38.3147222222222,0,2021-01-09
"324",-2.04111111111111,43.3063888888889,0,2021-01-09
"325",-8.62388888888889,42.2386111111111,-0.2,2021-01-09
"326",-1.87722222222222,38.1025,-0.2,2021-01-09
"327",-1.00416666666667,41.6605555555556,-0.3,2021-01-09
"328",-2.33111111111111,42.4522222222222,-0.4,2021-01-09
"329",0.598055555555556,41.6261111111111,-0.4,2021-01-09
"330",-3.02138888888889,40.0113888888889,-0.5,2021-01-09
"331",-1.70305555555556,38.5419444444444,-0.5,2021-01-09
"332",-0.935,41.6208333333333,-0.5,2021-01-09
"333",-4.60888888888889,38.3330555555556,-0.5,2021-01-09
"334",-5.37416666666667,36.7605555555556,-0.5,2021-01-09
"335",-3.04694444444444,39.5975,-0.7,2021-01-09
"336",-5.12111111111111,38.4986111111111,-0.7,2021-01-09
"337",-2.13194444444444,40.0672222222222,-0.7,2021-01-09
"338",-1.47527777777778,42.1986111111111,-0.8,2021-01-09
"339",-4.61638888888889,39.0886111111111,-1,2021-01-09
"340",-2.41333333333333,43.2094444444445,-1,2021-01-09
"341",1.46305555555556,42.3547222222222,-1.1,2021-01-09
"342",-3.39138888888889,38.7505555555556,-1.1,2021-01-09
"343",-1.15972222222222,38.6016666666667,-1.1,2021-01-09
"344",-3.55555555555556,40.4666666666667,-1.3,2021-01-09
"345",-0.141666666666667,41.0580555555556,-1.3,2021-01-09
"346",-3.72416666666667,40.4516666666667,-1.4,2021-01-09
"347",-5.62111111111111,43.5230555555556,-1.5,2021-01-09
"348",-5.87416666666667,43.3533333333333,-1.5,2021-01-09
"349",-3.56666666666667,38.5180555555556,-1.5,2021-01-09
"350",-1.54305555555556,43.1358333333333,-1.5,2021-01-09
"351",-2.735,37.5058333333333,-1.5,2021-01-09
"352",-3.92027777777778,38.9891666666667,-1.5,2021-01-09
"353",-6.6,40.635,-1.5,2021-01-09
"354",-3.48277777777778,42.92,-1.5,2021-01-09
"355",-5.87416666666667,43.3533333333333,-1.5,2021-01-09
"356",-1.63833333333333,42.8177777777778,-1.5,2021-01-09
"357",-3.72222222222222,40.2994444444444,-1.6,2021-01-09
"358",-5.66666666666667,42.0108333333333,-1.6,2021-01-09
"359",-3.93388888888889,42.8063888888889,-1.6,2021-01-09
"360",-3.78611111111111,40.3755555555556,-1.6,2021-01-09
"361",-3.67805555555556,40.4119444444444,-1.6,2021-01-09
"362",-1.64527777777778,41.3311111111111,-1.7,2021-01-09
"363",-1.5325,42.7761111111111,-1.7,2021-01-09
"364",-2.735,42.8819444444444,-1.7,2021-01-09
"365",-2.73277777777778,42.8719444444444,-1.7,2021-01-09
"366",-7.03138888888889,43.5247222222222,-1.8,2021-01-09
"367",-0.237777777777778,40.9466666666667,-1.8,2021-01-09
"368",-3.15,40.6302777777778,-1.8,2021-01-09
"369",-4.25,40.4277777777778,-1.8,2021-01-09
"370",-0.325555555555556,42.0844444444444,-1.9,2021-01-09
"371",-1.65,42.7769444444444,-1.9,2021-01-09
"372",-3.44361111111111,40.4886111111111,-2,2021-01-09
"373",-5.66222222222222,40.9575,-2,2021-01-09
"374",-5.73527777777778,41.5155555555556,-2,2021-01-09
"375",-4.61722222222222,42.3508333333333,-2.1,2021-01-09
"376",-6.43777777777778,41.0113888888889,-2.1,2021-01-09
"377",-1.86222222222222,39.0055555555556,-2.2,2021-01-09
"378",-4.04527777777778,39.8847222222222,-2.4,2021-01-09
"379",-4.16055555555556,42.9919444444444,-2.4,2021-01-09
"380",0.865277777777778,42.2052777777778,-2.5,2021-01-09
"381",-3.0075,39.1691666666667,-2.5,2021-01-09
"382",-3.74277777777778,41.6658333333333,-2.5,2021-01-09
"383",0.224722222222222,42.63,-2.7,2021-01-09
"384",-5.65111111111111,42.5883333333333,-2.7,2021-01-09
"385",-4.75444444444444,41.6408333333333,-2.7,2021-01-09
"386",-1.21361111111111,42.4908333333333,-2.8,2021-01-09
"387",-2.3175,43.08,-2.8,2021-01-09
"388",-4.85555555555556,41.7119444444444,-2.9,2021-01-09
"389",-3.765,40.6961111111111,-3,2021-01-09
"390",-5.49833333333333,40.9594444444445,-3,2021-01-09
"391",-1.85638888888889,38.9541666666667,-3.1,2021-01-09
"392",-1.66,38.9358333333333,-3.1,2021-01-09
"393",-1.41,41.1144444444444,-3.2,2021-01-09
"394",-3.13166666666667,41.9597222222222,-3.4,2021-01-09
"395",-4.12638888888889,40.9452777777778,-3.5,2021-01-09
"396",-6.27972222222222,41.9413888888889,-3.5,2021-01-09
"397",-1.29333333333333,40.9261111111111,-3.7,2021-01-09
"398",-2.61805555555556,41.0863888888889,-3.8,2021-01-09
"399",-3.62027777777778,42.3569444444444,-3.9,2021-01-09
"400",-4.52,42.8705555555556,-3.9,2021-01-09
"401",-8.0925,42.4213888888889,-3.9,2021-01-09
"402",-3.61361111111111,41.0069444444444,-4,2021-01-09
"403",-0.673055555555556,42.7088888888889,-4,2021-01-09
"404",-4.68,40.6591666666667,-4,2021-01-09
"405",-0.546944444444444,42.5788888888889,-4,2021-01-09
"406",-1.12416666666667,40.3505555555556,-4.2,2021-01-09
"407",-4.35055555555556,39.5469444444444,-4.2,2021-01-09
"408",-4.60277777777778,41.9955555555556,-4.3,2021-01-09
"409",-2.48305555555556,41.775,-4.3,2021-01-09
"410",-7.4575,43.1113888888889,-4.5,2021-01-09
"411",-1.24472222222222,39.5755555555556,-4.6,2021-01-09
"412",-3.58027777777778,41.1355555555556,-4.7,2021-01-09
"413",-6.19666666666667,42.3775,-4.7,2021-01-09
"414",0.876944444444445,42.7002777777778,-4.8,2021-01-09
"415",-0.255833333333333,40.4333333333333,-5,2021-01-09
"416",-0.186666666666667,40.4986111111111,-5.4,2021-01-09
"417",-7.85972222222222,42.3252777777778,-5.6,2021-01-09
"418",-7.2825,42.3394444444444,-5.7,2021-01-09
"419",-4.14194444444444,40.7063888888889,-5.8,2021-01-09
"420",1.93944444444444,42.3325,-6.1,2021-01-09
"421",-1.87888888888889,40.8416666666667,-6.5,2021-01-09
"422",-4.01055555555556,40.7930555555556,-7.5,2021-01-09
"423",-5.77638888888889,42.9786111111111,-7.6,2021-01-09
"424",-3.47527777777778,41.1919444444444,-7.8,2021-01-09
"425",-6.6,42.5638888888889,-8.4,2021-01-09
"426",-5.37694444444444,43.0622222222222,-8.4,2021-01-09
"427",-6.41416666666667,42.9941666666667,-9.6,2021-01-09
"428",-7.73361111111111,42.0791666666667,-10.9,2021-01-09
"429",2.62527777777778,39.5552777777778,8.9,2021-01-10
"430",2.73666666666667,39.5608333333333,8.7,2021-01-10
"431",3.47805555555556,39.7166666666667,8.6,2021-01-10
"432",-2.95638888888889,35.2763888888889,8,2021-01-10
"433",4.21555555555556,39.8547222222222,8,2021-01-10
"434",-7.68472222222222,43.7861111111111,7.6,2021-01-10
"435",-9.21083333333333,43.1605555555556,7.4,2021-01-10
"436",-3.02055555555556,36.7472222222222,6.8,2021-01-10
"437",-8.42138888888889,43.3658333333333,6.8,2021-01-10
"438",-0.987777777777778,37.6011111111111,6.8,2021-01-10
"439",1.38444444444444,38.8763888888889,6.6,2021-01-10
"440",-1.58694444444444,37.4172222222222,6.4,2021-01-10
"441",-6.47,43.5691666666667,6.1,2021-01-10
"442",-8.37194444444444,43.3069444444444,5.8,2021-01-10
"443",-4.61833333333333,36.5386111111111,5.7,2021-01-10
"444",-2.70166666666667,36.6869444444444,5.6,2021-01-10
"445",-2.35694444444444,36.8463888888889,5.6,2021-01-10
"446",-5.155,36.4169444444444,5.5,2021-01-10
"447",-0.0719444444444444,39.9572222222222,5.5,2021-01-10
"448",2.2,41.3905555555556,5.4,2021-01-10
"449",-7.03138888888889,43.5247222222222,5.3,2021-01-10
"450",-5.34694444444444,35.8886111111111,5.3,2021-01-10
"451",-0.805833333333333,37.7783333333333,5.1,2021-01-10
"452",-6.25777777777778,36.4997222222222,5.1,2021-01-10
"453",-5.70083333333333,43.56,5.1,2021-01-10
"454",3.01916666666667,39.5216666666667,5,2021-01-10
"455",-4.74805555555556,43.4202777777778,5,2021-01-10
"456",2.07,41.2927777777778,4.9,2021-01-10
"457",-9.29138888888889,42.9247222222222,4.8,2021-01-10
"458",2.54,41.5875,4.8,2021-01-10
"459",-8.61583333333333,42.4383333333333,4.7,2021-01-10
"460",-0.570833333333333,38.2827777777778,4.6,2021-01-10
"461",-1.17083333333333,38.0019444444444,4.6,2021-01-10
"462",-7.395,37.1947222222222,4.6,2021-01-10
"463",-0.803333333333333,37.7888888888889,4.5,2021-01-10
"464",-4.48166666666667,36.7177777777778,4.5,2021-01-10
"465",-5.84861111111111,43.6558333333333,4.5,2021-01-10
"466",3.01666666666667,39.7491666666667,4.4,2021-01-10
"467",-8.62722222222222,42.7383333333333,4.4,2021-01-10
"468",-1.94361111111111,37.3905555555556,4.3,2021-01-10
"469",-6.20555555555556,36.4655555555556,4.2,2021-01-10
"470",-0.494166666666667,38.3725,3.9,2021-01-10
"471",-3.02166666666667,43.375,3.9,2021-01-10
"472",-3.23388888888889,43.3947222222222,3.9,2021-01-10
"473",-4.48222222222222,36.6661111111111,3.9,2021-01-10
"474",-8.55583333333333,42.8761111111111,3.8,2021-01-10
"475",-6.3325,36.6388888888889,3.8,2021-01-10
"476",-6.04416666666667,43.5669444444444,3.7,2021-01-10
"477",-5.965,36.2455555555556,3.7,2021-01-10
"478",-5.59888888888889,36.0138888888889,3.5,2021-01-10
"479",-5.62111111111111,43.5230555555556,3.4,2021-01-10
"480",2.69694444444444,41.6508333333333,3.4,2021-01-10
"481",-1.22861111111111,37.9577777777778,3.3,2021-01-10
"482",-3.80055555555556,43.4911111111111,3.3,2021-01-10
"483",-3.80055555555556,43.4911111111111,3.3,2021-01-10
"484",1.16361111111111,41.145,3.2,2021-01-10
"485",-5.61138888888889,37.1644444444444,3.2,2021-01-10
"486",0.167777777777778,38.7836111111111,3.2,2021-01-10
"487",-3.82555555555556,43.4238888888889,3.1,2021-01-10
"488",-1.68722222222222,37.6547222222222,3.1,2021-01-10
"489",-5.085,37.5161111111111,3.1,2021-01-10
"490",-8.62388888888889,42.2386111111111,3,2021-01-10
"491",-0.0958333333333333,38.9288888888889,2.9,2021-01-10
"492",-4.39222222222222,43.3933333333333,2.8,2021-01-10
"493",2.76333333333333,41.9116666666667,2.7,2021-01-10
"494",-8.41055555555556,42.8880555555556,2.7,2021-01-10
"495",-0.366388888888889,39.4805555555556,2.6,2021-01-10
"496",-0.366388888888889,39.4805555555556,2.6,2021-01-10
"497",0.493333333333333,40.8202777777778,2.4,2021-01-10
"498",-6.05583333333333,36.7505555555556,2.3,2021-01-10
"499",-0.371944444444444,39.1847222222222,2.3,2021-01-10
"500",-2.25111111111111,43.3022222222222,2.3,2021-01-10
"501",-5.87916666666667,37.4166666666667,2.3,2021-01-10
"502",2.12416666666667,41.4183333333333,2.3,2021-01-10
"503",1.84027777777778,41.72,2.3,2021-01-10
"504",-6.91166666666667,37.2783333333333,2.3,2021-01-10
"505",-7.4575,43.1113888888889,2.2,2021-01-10
"506",2.76361111111111,42.1044444444444,2.2,2021-01-10
"507",-2.90638888888889,43.2980555555556,2.1,2021-01-10
"508",2.88583333333333,39.8233333333333,2,2021-01-10
"509",-6.73805555555556,37.0980555555556,1.9,2021-01-10
"510",-4.84666666666667,37.8488888888889,1.9,2021-01-10
"511",2.19611111111111,42.1913888888889,1.7,2021-01-10
"512",-7.85972222222222,42.3252777777778,1.5,2021-01-10
"513",-4.35388888888889,37.5561111111111,1.5,2021-01-10
"514",-1.38055555555556,38.2327777777778,1.5,2021-01-10
"515",-8.0925,42.4213888888889,1.5,2021-01-10
"516",-3.10472222222222,43.2033333333333,1.2,2021-01-10
"517",2.71305555555556,39.735,1.1,2021-01-10
"518",-5.87416666666667,43.3533333333333,1,2021-01-10
"519",-4.74833333333333,37.0294444444444,0.7,2021-01-10
"520",-5.87416666666667,43.3533333333333,0.7,2021-01-10
"521",-2.04111111111111,43.3063888888889,0.7,2021-01-10
"522",-5.88055555555556,38.9555555555556,0.6,2021-01-10
"523",-3.80888888888889,37.7775,0.6,2021-01-10
"524",-6.675,37.8686111111111,0.6,2021-01-10
"525",-1.79222222222222,43.3569444444444,0.5,2021-01-10
"526",1.46305555555556,42.3547222222222,0.4,2021-01-10
"527",-1.00416666666667,41.6605555555556,0.3,2021-01-10
"528",-1.79222222222222,43.3569444444444,0.3,2021-01-10
"529",-6.81388888888889,38.8833333333333,0.3,2021-01-10
"530",-0.523611111111111,39.0016666666667,0.3,2021-01-10
"531",-1.03805555555556,38.3997222222222,0.2,2021-01-10
"532",-0.935,41.6208333333333,0.2,2021-01-10
"533",-5.76972222222222,37.9263888888889,0.2,2021-01-10
"534",-2.41333333333333,43.2094444444445,0.2,2021-01-10
"535",-1.54305555555556,43.1358333333333,0.1,2021-01-10
"536",-2.78,37.1413888888889,0.1,2021-01-10
"537",0.598055555555556,41.6261111111111,0.1,2021-01-10
"538",-2.33111111111111,42.4522222222222,0,2021-01-10
"539",-2.88972222222222,38.3147222222222,0,2021-01-10
"540",-3.93388888888889,42.8063888888889,0,2021-01-10
"541",-0.141666666666667,41.0580555555556,0,2021-01-10
"542",-4.77,37.1944444444444,0,2021-01-10
"543",-6.5575,40.0036111111111,-0.1,2021-01-10
"544",-4.59083333333333,40.2886111111111,-0.2,2021-01-10
"545",-1.87722222222222,38.1025,-0.2,2021-01-10
"546",-5.12111111111111,38.4986111111111,-0.3,2021-01-10
"547",-6.01694444444444,38.2316666666667,-0.3,2021-01-10
"548",-3.48277777777778,42.92,-0.3,2021-01-10
"549",-4.06333333333333,38.0230555555556,-0.3,2021-01-10
"550",-6.33888888888889,39.4713888888889,-0.3,2021-01-10
"551",-1.47527777777778,42.1986111111111,-0.4,2021-01-10
"552",0.865277777777778,42.2052777777778,-0.5,2021-01-10
"553",-0.237777777777778,40.9466666666667,-0.5,2021-01-10
"554",-5.37416666666667,36.7605555555556,-0.5,2021-01-10
"555",-5.06222222222222,39.1694444444444,-0.6,2021-01-10
"556",-7.23111111111111,39.4147222222222,-0.6,2021-01-10
"557",-3.72416666666667,40.4516666666667,-0.7,2021-01-10
"558",-2.73277777777778,42.8719444444444,-0.7,2021-01-10
"559",-3.39138888888889,38.7505555555556,-0.8,2021-01-10
"560",-1.63833333333333,42.8177777777778,-0.8,2021-01-10
"561",-3.67805555555556,40.4119444444444,-0.8,2021-01-10
"562",-0.474722222222222,39.485,-0.9,2021-01-10
"563",-6.6,40.635,-0.9,2021-01-10
"564",-3.56666666666667,38.5180555555556,-1,2021-01-10
"565",-4.60888888888889,38.3330555555556,-1.1,2021-01-10
"566",-4.16055555555556,42.9919444444444,-1.1,2021-01-10
"567",-4.61638888888889,39.0886111111111,-1.2,2021-01-10
"568",-3.63138888888889,37.1372222222222,-1.2,2021-01-10
"569",-5.65111111111111,42.5883333333333,-1.2,2021-01-10
"570",-1.70305555555556,38.5419444444444,-1.2,2021-01-10
"571",-2.735,42.8819444444444,-1.2,2021-01-10
"572",-6.08583333333333,40.0430555555556,-1.3,2021-01-10
"573",-4.86361111111111,39.9586111111111,-1.3,2021-01-10
"574",-6.38555555555556,38.9158333333333,-1.4,2021-01-10
"575",-1.64527777777778,41.3311111111111,-1.4,2021-01-10
"576",-4.61722222222222,42.3508333333333,-1.4,2021-01-10
"577",-5.5825,39.9458333333333,-1.5,2021-01-10
"578",-3.78611111111111,40.3755555555556,-1.5,2021-01-10
"579",-3.92027777777778,38.9891666666667,-1.6,2021-01-10
"580",-4.75444444444444,41.6408333333333,-1.7,2021-01-10
"581",-4.85555555555556,41.7119444444444,-1.9,2021-01-10
"582",-3.78944444444444,37.1897222222222,-2,2021-01-10
"583",-2.3175,43.08,-2,2021-01-10
"584",-5.66222222222222,40.9575,-2.1,2021-01-10
"585",-1.65,42.7769444444444,-2.1,2021-01-10
"586",-3.765,40.6961111111111,-2.2,2021-01-10
"587",-2.735,37.5058333333333,-2.2,2021-01-10
"588",-1.41,41.1144444444444,-2.2,2021-01-10
"589",-0.325555555555556,42.0844444444444,-2.4,2021-01-10
"590",-1.15972222222222,38.6016666666667,-2.4,2021-01-10
"591",-6.43777777777778,41.0113888888889,-2.5,2021-01-10
"592",-5.73527777777778,41.5155555555556,-2.5,2021-01-10
"593",-3.74277777777778,41.6658333333333,-2.6,2021-01-10
"594",-4.60277777777778,41.9955555555556,-2.6,2021-01-10
"595",-5.66666666666667,42.0108333333333,-2.7,2021-01-10
"596",-4.52,42.8705555555556,-2.7,2021-01-10
"597",-6.6,42.5638888888889,-2.9,2021-01-10
"598",-3.15,40.6302777777778,-2.9,2021-01-10
"599",-3.62027777777778,42.3569444444444,-3,2021-01-10
"600",-6.27972222222222,41.9413888888889,-3.2,2021-01-10
"601",-3.55555555555556,40.4666666666667,-3.5,2021-01-10
"602",-7.2825,42.3394444444444,-3.5,2021-01-10
"603",-1.86222222222222,39.0055555555556,-3.6,2021-01-10
"604",-0.673055555555556,42.7088888888889,-3.6,2021-01-10
"605",-1.29333333333333,40.9261111111111,-3.7,2021-01-10
"606",-1.85638888888889,38.9541666666667,-3.8,2021-01-10
"607",-1.21361111111111,42.4908333333333,-3.8,2021-01-10
"608",-5.49833333333333,40.9594444444445,-3.9,2021-01-10
"609",-4.04527777777778,39.8847222222222,-4.1,2021-01-10
"610",-1.12416666666667,40.3505555555556,-4.1,2021-01-10
"611",-2.15,40.5302777777778,-4.1,2021-01-10
"612",0.224722222222222,42.63,-4.3,2021-01-10
"613",-3.0075,39.1691666666667,-4.3,2021-01-10
"614",-3.72222222222222,40.2994444444444,-4.4,2021-01-10
"615",-7.73361111111111,42.0791666666667,-4.4,2021-01-10
"616",-3.44361111111111,40.4886111111111,-4.5,2021-01-10
"617",-1.66,38.9358333333333,-4.6,2021-01-10
"618",-1.5325,42.7761111111111,-4.9,2021-01-10
"619",0.876944444444445,42.7002777777778,-5,2021-01-10
"620",-3.04694444444444,39.5975,-5.1,2021-01-10
"621",-5.77638888888889,42.9786111111111,-5.1,2021-01-10
"622",-5.37694444444444,43.0622222222222,-5.1,2021-01-10
"623",-4.25,40.4277777777778,-5.1,2021-01-10
"624",-0.255833333333333,40.4333333333333,-5.2,2021-01-10
"625",-3.02138888888889,40.0113888888889,-5.2,2021-01-10
"626",-3.61361111111111,41.0069444444444,-5.4,2021-01-10
"627",-4.68,40.6591666666667,-5.8,2021-01-10
"628",-2.13194444444444,40.0672222222222,-5.8,2021-01-10
"629",-1.24472222222222,39.5755555555556,-5.9,2021-01-10
"630",-0.546944444444444,42.5788888888889,-5.9,2021-01-10
"631",-3.13166666666667,41.9597222222222,-6,2021-01-10
"632",-4.12638888888889,40.9452777777778,-6.1,2021-01-10
"633",-1.87888888888889,40.8416666666667,-6.1,2021-01-10
"634",-6.19666666666667,42.3775,-6.5,2021-01-10
"635",-3.58027777777778,41.1355555555556,-6.9,2021-01-10
"636",-2.48305555555556,41.775,-7.1,2021-01-10
"637",-3.52833333333333,39.4919444444444,-7.2,2021-01-10
"638",-2.61805555555556,41.0863888888889,-7.3,2021-01-10
"639",1.93944444444444,42.3325,-8.3,2021-01-10
"640",-4.14194444444444,40.7063888888889,-8.3,2021-01-10
"641",-4.01055555555556,40.7930555555556,-8.5,2021-01-10
"642",-6.41416666666667,42.9941666666667,-9.3,2021-01-10
"643",-2.42055555555556,39.4166666666667,-10,2021-01-10
"644",-3.47527777777778,41.1919444444444,-11.6,2021-01-10
"645",-2.95638888888889,35.2763888888889,8.6,2021-01-11
"646",-7.68472222222222,43.7861111111111,8.5,2021-01-11
"647",-3.02055555555556,36.7472222222222,8.2,2021-01-11
"648",-9.21083333333333,43.1605555555556,7.5,2021-01-11
"649",3.47805555555556,39.7166666666667,7.3,2021-01-11
"650",-3.80055555555556,43.4911111111111,7.2,2021-01-11
"651",-3.80055555555556,43.4911111111111,7.1,2021-01-11
"652",-2.35694444444444,36.8463888888889,7,2021-01-11
"653",-4.61833333333333,36.5386111111111,6.7,2021-01-11
"654",2.62527777777778,39.5552777777778,6.6,2021-01-11
"655",-8.42138888888889,43.3658333333333,6.5,2021-01-11
"656",-2.70166666666667,36.6869444444444,6.3,2021-01-11
"657",-4.48166666666667,36.7177777777778,6.1,2021-01-11
"658",-3.23388888888889,43.3947222222222,6,2021-01-11
"659",-5.155,36.4169444444444,6,2021-01-11
"660",-0.987777777777778,37.6011111111111,5.9,2021-01-11
"661",2.73666666666667,39.5608333333333,5.8,2021-01-11
"662",-5.84861111111111,43.6558333333333,5.7,2021-01-11
"663",-3.02166666666667,43.375,5.6,2021-01-11
"664",-4.48222222222222,36.6661111111111,5.6,2021-01-11
"665",-1.58694444444444,37.4172222222222,5.5,2021-01-11
"666",-0.803333333333333,37.7888888888889,5.5,2021-01-11
"667",-0.805833333333333,37.7783333333333,5.4,2021-01-11
"668",-5.70083333333333,43.56,5.4,2021-01-11
"669",-9.29138888888889,42.9247222222222,5.3,2021-01-11
"670",-5.34694444444444,35.8886111111111,5.3,2021-01-11
"671",4.21555555555556,39.8547222222222,5.3,2021-01-11
"672",3.01916666666667,39.5216666666667,5.1,2021-01-11
"673",-6.25777777777778,36.4997222222222,4.9,2021-01-11
"674",-4.39222222222222,43.3933333333333,4.7,2021-01-11
"675",-1.17083333333333,38.0019444444444,4.3,2021-01-11
"676",-5.59888888888889,36.0138888888889,4.2,2021-01-11
"677",0.493333333333333,40.8202777777778,4,2021-01-11
"678",-7.395,37.1947222222222,3.9,2021-01-11
"679",-4.74805555555556,43.4202777777778,3.8,2021-01-11
"680",2.54,41.5875,3.5,2021-01-11
"681",3.01666666666667,39.7491666666667,3.4,2021-01-11
"682",-0.0958333333333333,38.9288888888889,3.3,2021-01-11
"683",-5.965,36.2455555555556,3.3,2021-01-11
"684",-0.570833333333333,38.2827777777778,3.3,2021-01-11
"685",-0.366388888888889,39.4805555555556,3.3,2021-01-11
"686",-6.47,43.5691666666667,3.2,2021-01-11
"687",-6.20555555555556,36.4655555555556,3.2,2021-01-11
"688",-1.94361111111111,37.3905555555556,3.1,2021-01-11
"689",-0.371944444444444,39.1847222222222,3,2021-01-11
"690",2.2,41.3905555555556,3,2021-01-11
"691",1.38444444444444,38.8763888888889,3,2021-01-11
"692",-2.25111111111111,43.3022222222222,2.9,2021-01-11
"693",-1.22861111111111,37.9577777777778,2.8,2021-01-11
"694",-0.0719444444444444,39.9572222222222,2.8,2021-01-11
"695",-2.90638888888889,43.2980555555556,2.7,2021-01-11
"696",-0.366388888888889,39.4805555555556,2.6,2021-01-11
"697",2.88583333333333,39.8233333333333,2.5,2021-01-11
"698",-8.55583333333333,42.8761111111111,2.5,2021-01-11
"699",-0.494166666666667,38.3725,2.3,2021-01-11
"700",2.07,41.2927777777778,2.3,2021-01-11
"701",-3.10472222222222,43.2033333333333,2.3,2021-01-11
"702",-6.3325,36.6388888888889,2.3,2021-01-11
"703",-3.82555555555556,43.4238888888889,2.2,2021-01-11
"704",-5.61138888888889,37.1644444444444,2.2,2021-01-11
"705",-8.61583333333333,42.4383333333333,2.2,2021-01-11
"706",-5.87916666666667,37.4166666666667,2.1,2021-01-11
"707",-6.91166666666667,37.2783333333333,2.1,2021-01-11
"708",-2.04111111111111,43.3063888888889,2,2021-01-11
"709",-6.73805555555556,37.0980555555556,1.9,2021-01-11
"710",-8.62722222222222,42.7383333333333,1.9,2021-01-11
"711",0.167777777777778,38.7836111111111,1.9,2021-01-11
"712",-7.03138888888889,43.5247222222222,1.8,2021-01-11
"713",-5.085,37.5161111111111,1.8,2021-01-11
"714",-4.35388888888889,37.5561111111111,1.7,2021-01-11
"715",-8.62388888888889,42.2386111111111,1.4,2021-01-11
"716",-8.41055555555556,42.8880555555556,1.4,2021-01-11
"717",-6.04416666666667,43.5669444444444,1.3,2021-01-11
"718",-6.675,37.8686111111111,1.3,2021-01-11
"719",-5.87416666666667,43.3533333333333,1.2,2021-01-11
"720",-2.78,37.1413888888889,1.1,2021-01-11
"721",-1.68722222222222,37.6547222222222,1,2021-01-11
"722",-2.33111111111111,42.4522222222222,1,2021-01-11
"723",-5.87416666666667,43.3533333333333,1,2021-01-11
"724",-2.41333333333333,43.2094444444445,1,2021-01-11
"725",-4.74833333333333,37.0294444444444,0.8,2021-01-11
"726",-0.523611111111111,39.0016666666667,0.6,2021-01-11
"727",-1.79222222222222,43.3569444444444,0.4,2021-01-11
"728",-1.79222222222222,43.3569444444444,0.4,2021-01-11
"729",-6.5575,40.0036111111111,0.4,2021-01-11
"730",-8.37194444444444,43.3069444444444,0.3,2021-01-11
"731",-6.05583333333333,36.7505555555556,-0.2,2021-01-11
"732",-3.80888888888889,37.7775,-0.2,2021-01-11
"733",-1.03805555555556,38.3997222222222,-0.3,2021-01-11
"734",-6.08583333333333,40.0430555555556,-0.3,2021-01-11
"735",-1.47527777777778,42.1986111111111,-0.3,2021-01-11
"736",1.84027777777778,41.72,-0.3,2021-01-11
"737",-0.935,41.6208333333333,-0.4,2021-01-11
"738",-0.474722222222222,39.485,-0.4,2021-01-11
"739",-3.48277777777778,42.92,-0.4,2021-01-11
"740",-4.77,37.1944444444444,-0.4,2021-01-11
"741",-5.62111111111111,43.5230555555556,-0.5,2021-01-11
"742",2.19611111111111,42.1913888888889,-0.5,2021-01-11
"743",-6.81388888888889,38.8833333333333,-0.5,2021-01-11
"744",2.12416666666667,41.4183333333333,-0.5,2021-01-11
"745",2.71305555555556,39.735,-0.6,2021-01-11
"746",-2.73277777777778,42.8719444444444,-0.7,2021-01-11
"747",-2.735,42.8819444444444,-0.8,2021-01-11
"748",-5.37416666666667,36.7605555555556,-0.9,2021-01-11
"749",-1.63833333333333,42.8177777777778,-0.9,2021-01-11
"750",-1.00416666666667,41.6605555555556,-1,2021-01-11
"751",-4.84666666666667,37.8488888888889,-1.1,2021-01-11
"752",-1.70305555555556,38.5419444444444,-1.2,2021-01-11
"753",-1.87722222222222,38.1025,-1.2,2021-01-11
"754",-5.88055555555556,38.9555555555556,-1.3,2021-01-11
"755",-5.76972222222222,37.9263888888889,-1.3,2021-01-11
"756",-2.3175,43.08,-1.3,2021-01-11
"757",-7.23111111111111,39.4147222222222,-1.4,2021-01-11
"758",-2.88972222222222,38.3147222222222,-1.5,2021-01-11
"759",-2.735,37.5058333333333,-1.5,2021-01-11
"760",-1.65,42.7769444444444,-1.5,2021-01-11
"761",2.69694444444444,41.6508333333333,-1.5,2021-01-11
"762",2.76361111111111,42.1044444444444,-1.8,2021-01-11
"763",-4.06333333333333,38.0230555555556,-1.9,2021-01-11
"764",-4.60888888888889,38.3330555555556,-2.2,2021-01-11
"765",-4.75444444444444,41.6408333333333,-2.2,2021-01-11
"766",-8.0925,42.4213888888889,-2.3,2021-01-11
"767",-6.33888888888889,39.4713888888889,-2.3,2021-01-11
"768",2.76333333333333,41.9116666666667,-2.4,2021-01-11
"769",-3.78944444444444,37.1897222222222,-2.4,2021-01-11
"770",-3.93388888888889,42.8063888888889,-2.4,2021-01-11
"771",-7.4575,43.1113888888889,-2.5,2021-01-11
"772",-3.63138888888889,37.1372222222222,-2.6,2021-01-11
"773",-5.06222222222222,39.1694444444444,-2.6,2021-01-11
"774",-6.38555555555556,38.9158333333333,-2.7,2021-01-11
"775",-5.12111111111111,38.4986111111111,-2.7,2021-01-11
"776",-4.60277777777778,41.9955555555556,-2.7,2021-01-11
"777",-6.01694444444444,38.2316666666667,-2.8,2021-01-11
"778",1.16361111111111,41.145,-2.9,2021-01-11
"779",-1.15972222222222,38.6016666666667,-2.9,2021-01-11
"780",-1.54305555555556,43.1358333333333,-3,2021-01-11
"781",-6.6,40.635,-3,2021-01-11
"782",-7.85972222222222,42.3252777777778,-3.4,2021-01-11
"783",-5.65111111111111,42.5883333333333,-3.5,2021-01-11
"784",-3.56666666666667,38.5180555555556,-3.6,2021-01-11
"785",-3.92027777777778,38.9891666666667,-3.7,2021-01-11
"786",-1.21361111111111,42.4908333333333,-3.9,2021-01-11
"787",-0.237777777777778,40.9466666666667,-4,2021-01-11
"788",0.865277777777778,42.2052777777778,-4.1,2021-01-11
"789",-4.59083333333333,40.2886111111111,-4.1,2021-01-11
"790",-4.61722222222222,42.3508333333333,-4.2,2021-01-11
"791",0.598055555555556,41.6261111111111,-4.2,2021-01-11
"792",-3.0075,39.1691666666667,-4.3,2021-01-11
"793",-3.39138888888889,38.7505555555556,-4.4,2021-01-11
"794",-3.67805555555556,40.4119444444444,-4.4,2021-01-11
"795",-4.61638888888889,39.0886111111111,-4.5,2021-01-11
"796",-1.24472222222222,39.5755555555556,-4.5,2021-01-11
"797",-3.62027777777778,42.3569444444444,-4.6,2021-01-11
"798",-4.86361111111111,39.9586111111111,-4.6,2021-01-11
"799",-1.5325,42.7761111111111,-4.7,2021-01-11
"800",-6.43777777777778,41.0113888888889,-4.8,2021-01-11
"801",-0.141666666666667,41.0580555555556,-4.9,2021-01-11
"802",-5.5825,39.9458333333333,-5,2021-01-11
"803",-4.85555555555556,41.7119444444444,-5,2021-01-11
"804",-5.66222222222222,40.9575,-5.1,2021-01-11
"805",-6.6,42.5638888888889,-5.2,2021-01-11
"806",-4.35055555555556,39.5469444444444,-5.3,2021-01-11
"807",-3.765,40.6961111111111,-5.4,2021-01-11
"808",-7.2825,42.3394444444444,-5.4,2021-01-11
"809",-4.52,42.8705555555556,-5.6,2021-01-11
"810",1.46305555555556,42.3547222222222,-5.7,2021-01-11
"811",-3.78611111111111,40.3755555555556,-6,2021-01-11
"812",-5.66666666666667,42.0108333333333,-6.2,2021-01-11
"813",-0.325555555555556,42.0844444444444,-6.3,2021-01-11
"814",-3.04694444444444,39.5975,-6.5,2021-01-11
"815",-1.66,38.9358333333333,-6.5,2021-01-11
"816",-5.73527777777778,41.5155555555556,-6.6,2021-01-11
"817",-0.186666666666667,40.4986111111111,-6.8,2021-01-11
"818",0.224722222222222,42.63,-7.5,2021-01-11
"819",-5.37694444444444,43.0622222222222,-7.5,2021-01-11
"820",-4.16055555555556,42.9919444444444,-7.5,2021-01-11
"821",-6.19666666666667,42.3775,-7.5,2021-01-11
"822",-0.255833333333333,40.4333333333333,-7.6,2021-01-11
"823",-3.15,40.6302777777778,-7.6,2021-01-11
"824",-4.25,40.4277777777778,-7.7,2021-01-11
"825",-2.13194444444444,40.0672222222222,-7.7,2021-01-11
"826",-6.41416666666667,42.9941666666667,-7.7,2021-01-11
"827",-3.02138888888889,40.0113888888889,-7.8,2021-01-11
"828",-2.48305555555556,41.775,-7.8,2021-01-11
"829",-3.72222222222222,40.2994444444444,-8,2021-01-11
"830",-4.04527777777778,39.8847222222222,-8,2021-01-11
"831",-4.12638888888889,40.9452777777778,-8,2021-01-11
"832",-3.58027777777778,41.1355555555556,-8,2021-01-11
"833",-2.15,40.5302777777778,-8.1,2021-01-11
"834",-5.77638888888889,42.9786111111111,-8.2,2021-01-11
"835",-3.72416666666667,40.4516666666667,-8.3,2021-01-11
"836",-6.27972222222222,41.9413888888889,-8.5,2021-01-11
"837",-0.673055555555556,42.7088888888889,-8.6,2021-01-11
"838",-4.68,40.6591666666667,-8.7,2021-01-11
"839",-5.49833333333333,40.9594444444445,-9,2021-01-11
"840",-1.86222222222222,39.0055555555556,-9.4,2021-01-11
"841",-3.13166666666667,41.9597222222222,-9.4,2021-01-11
"842",1.93944444444444,42.3325,-9.4,2021-01-11
"843",-4.14194444444444,40.7063888888889,-9.6,2021-01-11
"844",-3.52833333333333,39.4919444444444,-9.7,2021-01-11
"845",-7.73361111111111,42.0791666666667,-9.8,2021-01-11
"846",-3.55555555555556,40.4666666666667,-10.1,2021-01-11
"847",-3.74277777777778,41.6658333333333,-10.1,2021-01-11
"848",-3.61361111111111,41.0069444444444,-10.6,2021-01-11
"849",-0.546944444444444,42.5788888888889,-10.9,2021-01-11
"850",-4.01055555555556,40.7930555555556,-11.2,2021-01-11
"851",-3.44361111111111,40.4886111111111,-11.6,2021-01-11
"852",-1.85638888888889,38.9541666666667,-11.7,2021-01-11
"853",0.876944444444445,42.7002777777778,-11.8,2021-01-11
"854",-3.47527777777778,41.1919444444444,-11.8,2021-01-11
"855",-1.64527777777778,41.3311111111111,-12.1,2021-01-11
"856",-2.42055555555556,39.4166666666667,-12.5,2021-01-11
"857",-2.61805555555556,41.0863888888889,-13.1,2021-01-11
"858",-1.41,41.1144444444444,-16,2021-01-11
"859",-1.12416666666667,40.3505555555556,-17.4,2021-01-11
"860",-1.29333333333333,40.9261111111111,-19.1,2021-01-11
"861",-1.87888888888889,40.8416666666667,-22,2021-01-11
"862",-3.02055555555556,36.7472222222222,8.2,2021-01-12
"863",-2.95638888888889,35.2763888888889,8,2021-01-12
"864",-7.68472222222222,43.7861111111111,7.9,2021-01-12
"865",-5.34694444444444,35.8886111111111,7.6,2021-01-12
"866",-4.61833333333333,36.5386111111111,7.5,2021-01-12
"867",-3.82555555555556,43.4238888888889,7,2021-01-12
"868",-3.80055555555556,43.4911111111111,7,2021-01-12
"869",-3.80055555555556,43.4911111111111,7,2021-01-12
"870",-3.23388888888889,43.3947222222222,6.6,2021-01-12
"871",3.47805555555556,39.7166666666667,6.5,2021-01-12
"872",-5.155,36.4169444444444,5.9,2021-01-12
"873",-2.35694444444444,36.8463888888889,5.9,2021-01-12
"874",-3.02166666666667,43.375,5.7,2021-01-12
"875",-4.48166666666667,36.7177777777778,5.5,2021-01-12
"876",-9.29138888888889,42.9247222222222,5.2,2021-01-12
"877",-9.21083333333333,43.1605555555556,5.1,2021-01-12
"878",-5.84861111111111,43.6558333333333,5.1,2021-01-12
"879",4.21555555555556,39.8547222222222,4.9,2021-01-12
"880",-5.965,36.2455555555556,4.8,2021-01-12
"881",-0.987777777777778,37.6011111111111,4.7,2021-01-12
"882",2.62527777777778,39.5552777777778,4.6,2021-01-12
"883",-6.25777777777778,36.4997222222222,4.5,2021-01-12
"884",0.493333333333333,40.8202777777778,4.4,2021-01-12
"885",-4.39222222222222,43.3933333333333,3.8,2021-01-12
"886",-6.20555555555556,36.4655555555556,3.8,2021-01-12
"887",-5.59888888888889,36.0138888888889,3.8,2021-01-12
"888",-2.70166666666667,36.6869444444444,3.6,2021-01-12
"889",-2.90638888888889,43.2980555555556,3.6,2021-01-12
"890",-2.25111111111111,43.3022222222222,3.6,2021-01-12
"891",-1.58694444444444,37.4172222222222,3.5,2021-01-12
"892",-4.74805555555556,43.4202777777778,3.5,2021-01-12
"893",-8.42138888888889,43.3658333333333,3.3,2021-01-12
"894",-4.48222222222222,36.6661111111111,3.2,2021-01-12
"895",2.2,41.3905555555556,3.1,2021-01-12
"896",-5.70083333333333,43.56,3,2021-01-12
"897",-2.04111111111111,43.3063888888889,2.9,2021-01-12
"898",-0.0958333333333333,38.9288888888889,2.8,2021-01-12
"899",3.01916666666667,39.5216666666667,2.6,2021-01-12
"900",-0.803333333333333,37.7888888888889,2.5,2021-01-12
"901",-0.570833333333333,38.2827777777778,2.5,2021-01-12
"902",-6.73805555555556,37.0980555555556,2.4,2021-01-12
"903",-0.371944444444444,39.1847222222222,2.4,2021-01-12
"904",-3.10472222222222,43.2033333333333,2.2,2021-01-12
"905",-6.47,43.5691666666667,2.1,2021-01-12
"906",-1.17083333333333,38.0019444444444,2.1,2021-01-12
"907",-7.395,37.1947222222222,2.1,2021-01-12
"908",-4.35388888888889,37.5561111111111,2,2021-01-12
"909",-1.47527777777778,42.1986111111111,1.9,2021-01-12
"910",2.07,41.2927777777778,1.8,2021-01-12
"911",-1.79222222222222,43.3569444444444,1.7,2021-01-12
"912",-2.41333333333333,43.2094444444445,1.5,2021-01-12
"913",-1.79222222222222,43.3569444444444,1.4,2021-01-12
"914",-0.0719444444444444,39.9572222222222,1.4,2021-01-12
"915",2.54,41.5875,1.3,2021-01-12
"916",-0.494166666666667,38.3725,1.1,2021-01-12
"917",-0.366388888888889,39.4805555555556,1.1,2021-01-12
"918",2.73666666666667,39.5608333333333,1.1,2021-01-12
"919",1.38444444444444,38.8763888888889,1.1,2021-01-12
"920",-0.935,41.6208333333333,0.9,2021-01-12
"921",-8.61583333333333,42.4383333333333,0.9,2021-01-12
"922",-6.91166666666667,37.2783333333333,0.9,2021-01-12
"923",-1.63833333333333,42.8177777777778,0.9,2021-01-12
"924",-2.78,37.1413888888889,0.8,2021-01-12
"925",-0.366388888888889,39.4805555555556,0.8,2021-01-12
"926",-6.04416666666667,43.5669444444444,0.7,2021-01-12
"927",-5.87916666666667,37.4166666666667,0.5,2021-01-12
"928",-6.3325,36.6388888888889,0.5,2021-01-12
"929",-8.62388888888889,42.2386111111111,0.4,2021-01-12
"930",-1.22861111111111,37.9577777777778,0.2,2021-01-12
"931",-2.33111111111111,42.4522222222222,0.2,2021-01-12
"932",3.01666666666667,39.7491666666667,0.2,2021-01-12
"933",-8.55583333333333,42.8761111111111,0.2,2021-01-12
"934",-5.61138888888889,37.1644444444444,0.1,2021-01-12
"935",-7.03138888888889,43.5247222222222,-0.1,2021-01-12
"936",-1.94361111111111,37.3905555555556,-0.1,2021-01-12
"937",-5.085,37.5161111111111,-0.1,2021-01-12
"938",2.12416666666667,41.4183333333333,-0.2,2021-01-12
"939",2.88583333333333,39.8233333333333,-0.3,2021-01-12
"940",-6.675,37.8686111111111,-0.4,2021-01-12
"941",-2.735,42.8819444444444,-0.4,2021-01-12
"942",-5.87416666666667,43.3533333333333,-0.5,2021-01-12
"943",2.71305555555556,39.735,-0.6,2021-01-12
"944",-5.87416666666667,43.3533333333333,-0.7,2021-01-12
"945",-1.68722222222222,37.6547222222222,-0.8,2021-01-12
"946",0.167777777777778,38.7836111111111,-0.8,2021-01-12
"947",-2.3175,43.08,-0.9,2021-01-12
"948",-1.65,42.7769444444444,-1.1,2021-01-12
"949",-2.73277777777778,42.8719444444444,-1.2,2021-01-12
"950",-1.03805555555556,38.3997222222222,-1.3,2021-01-12
"951",-1.00416666666667,41.6605555555556,-1.4,2021-01-12
"952",-4.77,37.1944444444444,-1.5,2021-01-12
"953",-4.84666666666667,37.8488888888889,-1.6,2021-01-12
"954",-1.21361111111111,42.4908333333333,-1.8,2021-01-12
"955",-6.05583333333333,36.7505555555556,-1.8,2021-01-12
"956",-0.474722222222222,39.485,-1.8,2021-01-12
"957",-6.01694444444444,38.2316666666667,-1.9,2021-01-12
"958",-3.80888888888889,37.7775,-2,2021-01-12
"959",-8.37194444444444,43.3069444444444,-2.3,2021-01-12
"960",-4.60888888888889,38.3330555555556,-2.3,2021-01-12
"961",-5.62111111111111,43.5230555555556,-2.4,2021-01-12
"962",-8.62722222222222,42.7383333333333,-2.4,2021-01-12
"963",-0.523611111111111,39.0016666666667,-2.4,2021-01-12
"964",-4.74833333333333,37.0294444444444,-2.5,2021-01-12
"965",2.69694444444444,41.6508333333333,-2.5,2021-01-12
"966",-1.70305555555556,38.5419444444444,-2.6,2021-01-12
"967",-1.15972222222222,38.6016666666667,-2.6,2021-01-12
"968",-5.37416666666667,36.7605555555556,-2.6,2021-01-12
"969",-1.87722222222222,38.1025,-2.6,2021-01-12
"970",-1.54305555555556,43.1358333333333,-2.9,2021-01-12
"971",-5.88055555555556,38.9555555555556,-3,2021-01-12
"972",-8.41055555555556,42.8880555555556,-3,2021-01-12
"973",2.19611111111111,42.1913888888889,-3.1,2021-01-12
"974",2.76361111111111,42.1044444444444,-3.1,2021-01-12
"975",1.84027777777778,41.72,-3.2,2021-01-12
"976",-6.08583333333333,40.0430555555556,-3.4,2021-01-12
"977",1.16361111111111,41.145,-3.5,2021-01-12
"978",-2.88972222222222,38.3147222222222,-3.6,2021-01-12
"979",-0.237777777777778,40.9466666666667,-3.7,2021-01-12
"980",-2.735,37.5058333333333,-3.7,2021-01-12
"981",-1.5325,42.7761111111111,-4,2021-01-12
"982",-6.5575,40.0036111111111,-4,2021-01-12
"983",-7.23111111111111,39.4147222222222,-4.1,2021-01-12
"984",-3.78944444444444,37.1897222222222,-4.2,2021-01-12
"985",-7.85972222222222,42.3252777777778,-4.3,2021-01-12
"986",-6.81388888888889,38.8833333333333,-4.3,2021-01-12
"987",-6.38555555555556,38.9158333333333,-4.4,2021-01-12
"988",-4.35055555555556,39.5469444444444,-4.5,2021-01-12
"989",-5.76972222222222,37.9263888888889,-4.6,2021-01-12
"990",-8.0925,42.4213888888889,-4.6,2021-01-12
"991",-4.06333333333333,38.0230555555556,-4.6,2021-01-12
"992",-6.33888888888889,39.4713888888889,-4.6,2021-01-12
"993",2.76333333333333,41.9116666666667,-4.7,2021-01-12
"994",-6.41416666666667,42.9941666666667,-4.7,2021-01-12
"995",0.224722222222222,42.63,-4.8,2021-01-12
"996",-3.765,40.6961111111111,-4.8,2021-01-12
"997",-3.63138888888889,37.1372222222222,-4.8,2021-01-12
"998",-7.4575,43.1113888888889,-4.8,2021-01-12
"999",-5.12111111111111,38.4986111111111,-5.1,2021-01-12
"1000",-0.186666666666667,40.4986111111111,-5.1,2021-01-12
"1001",-3.93388888888889,42.8063888888889,-5.2,2021-01-12
"1002",-7.2825,42.3394444444444,-5.3,2021-01-12
"1003",0.865277777777778,42.2052777777778,-5.6,2021-01-12
"1004",-3.56666666666667,38.5180555555556,-5.6,2021-01-12
"1005",-3.48277777777778,42.92,-5.7,2021-01-12
"1006",-6.6,42.5638888888889,-5.8,2021-01-12
"1007",-3.47527777777778,41.1919444444444,-5.8,2021-01-12
"1008",0.598055555555556,41.6261111111111,-5.9,2021-01-12
"1009",-5.77638888888889,42.9786111111111,-6.1,2021-01-12
"1010",-0.673055555555556,42.7088888888889,-6.1,2021-01-12
"1011",-5.06222222222222,39.1694444444444,-6.1,2021-01-12
"1012",-4.86361111111111,39.9586111111111,-6.2,2021-01-12
"1013",-4.59083333333333,40.2886111111111,-6.3,2021-01-12
"1014",-3.92027777777778,38.9891666666667,-6.3,2021-01-12
"1015",-5.37694444444444,43.0622222222222,-6.4,2021-01-12
"1016",-6.43777777777778,41.0113888888889,-6.6,2021-01-12
"1017",-4.75444444444444,41.6408333333333,-6.7,2021-01-12
"1018",-0.141666666666667,41.0580555555556,-6.7,2021-01-12
"1019",-4.60277777777778,41.9955555555556,-6.8,2021-01-12
"1020",-5.73527777777778,41.5155555555556,-6.8,2021-01-12
"1021",-4.12638888888889,40.9452777777778,-6.9,2021-01-12
"1022",1.46305555555556,42.3547222222222,-6.9,2021-01-12
"1023",-5.5825,39.9458333333333,-7,2021-01-12
"1024",-5.66666666666667,42.0108333333333,-7.1,2021-01-12
"1025",-6.6,40.635,-7.1,2021-01-12
"1026",-3.39138888888889,38.7505555555556,-7.1,2021-01-12
"1027",-4.52,42.8705555555556,-7.3,2021-01-12
"1028",-0.325555555555556,42.0844444444444,-7.4,2021-01-12
"1029",1.93944444444444,42.3325,-7.4,2021-01-12
"1030",-4.01055555555556,40.7930555555556,-7.4,2021-01-12
"1031",-3.67805555555556,40.4119444444444,-7.4,2021-01-12
"1032",-5.65111111111111,42.5883333333333,-7.5,2021-01-12
"1033",-4.61722222222222,42.3508333333333,-7.5,2021-01-12
"1034",-4.61638888888889,39.0886111111111,-7.6,2021-01-12
"1035",-3.0075,39.1691666666667,-8,2021-01-12
"1036",-3.58027777777778,41.1355555555556,-8,2021-01-12
"1037",-1.66,38.9358333333333,-8,2021-01-12
"1038",-5.66222222222222,40.9575,-8,2021-01-12
"1039",-3.62027777777778,42.3569444444444,-8.1,2021-01-12
"1040",-3.02138888888889,40.0113888888889,-8.5,2021-01-12
"1041",-4.25,40.4277777777778,-8.7,2021-01-12
"1042",-7.73361111111111,42.0791666666667,-8.8,2021-01-12
"1043",-4.14194444444444,40.7063888888889,-8.8,2021-01-12
"1044",-2.48305555555556,41.775,-8.9,2021-01-12
"1045",-4.85555555555556,41.7119444444444,-9,2021-01-12
"1046",-6.19666666666667,42.3775,-9,2021-01-12
"1047",-6.27972222222222,41.9413888888889,-9.3,2021-01-12
"1048",-0.546944444444444,42.5788888888889,-9.6,2021-01-12
"1049",-0.255833333333333,40.4333333333333,-10,2021-01-12
"1050",-3.04694444444444,39.5975,-10.2,2021-01-12
"1051",0.876944444444445,42.7002777777778,-10.5,2021-01-12
"1052",-3.15,40.6302777777778,-10.6,2021-01-12
"1053",-4.68,40.6591666666667,-10.7,2021-01-12
"1054",-3.72416666666667,40.4516666666667,-10.9,2021-01-12
"1055",-2.13194444444444,40.0672222222222,-10.9,2021-01-12
"1056",-3.61361111111111,41.0069444444444,-11.3,2021-01-12
"1057",-1.86222222222222,39.0055555555556,-11.3,2021-01-12
"1058",-1.24472222222222,39.5755555555556,-11.5,2021-01-12
"1059",-2.15,40.5302777777778,-11.6,2021-01-12
"1060",-5.49833333333333,40.9594444444445,-11.9,2021-01-12
"1061",-3.72222222222222,40.2994444444444,-12,2021-01-12
"1062",-3.78611111111111,40.3755555555556,-13,2021-01-12
"1063",-3.55555555555556,40.4666666666667,-13.4,2021-01-12
"1064",-4.04527777777778,39.8847222222222,-13.4,2021-01-12
"1065",-3.13166666666667,41.9597222222222,-13.4,2021-01-12
"1066",-3.52833333333333,39.4919444444444,-13.5,2021-01-12
"1067",-3.44361111111111,40.4886111111111,-13.7,2021-01-12
"1068",-1.85638888888889,38.9541666666667,-14.1,2021-01-12
"1069",-4.16055555555556,42.9919444444444,-14.2,2021-01-12
"1070",-3.74277777777778,41.6658333333333,-14.7,2021-01-12
"1071",-1.64527777777778,41.3311111111111,-15.4,2021-01-12
"1072",-2.42055555555556,39.4166666666667,-16,2021-01-12
"1073",-2.61805555555556,41.0863888888889,-16.8,2021-01-12
"1074",-1.41,41.1144444444444,-18.5,2021-01-12
"1075",-1.12416666666667,40.3505555555556,-21,2021-01-12
"1076",-1.29333333333333,40.9261111111111,-21.3,2021-01-12
"1077",-1.87888888888889,40.8416666666667,-25.2,2021-01-12
"1078",0.493333333333333,40.8202777777778,8.6,2021-01-13
"1079",-5.34694444444444,35.8886111111111,8.2,2021-01-13
"1080",-7.68472222222222,43.7861111111111,8.2,2021-01-13
"1081",-3.02055555555556,36.7472222222222,8,2021-01-13
"1082",-2.25111111111111,43.3022222222222,8,2021-01-13
"1083",-3.02166666666667,43.375,7.7,2021-01-13
"1084",3.47805555555556,39.7166666666667,7.7,2021-01-13
"1085",-3.23388888888889,43.3947222222222,7.5,2021-01-13
"1086",-1.79222222222222,43.3569444444444,7.4,2021-01-13
"1087",-1.79222222222222,43.3569444444444,7.2,2021-01-13
"1088",-3.80055555555556,43.4911111111111,6.9,2021-01-13
"1089",-2.04111111111111,43.3063888888889,6.7,2021-01-13
"1090",-3.80055555555556,43.4911111111111,6.7,2021-01-13
"1091",-4.61833333333333,36.5386111111111,6.6,2021-01-13
"1092",-9.29138888888889,42.9247222222222,6.5,2021-01-13
"1093",2.62527777777778,39.5552777777778,6.3,2021-01-13
"1094",-2.35694444444444,36.8463888888889,6.3,2021-01-13
"1095",-2.95638888888889,35.2763888888889,6.2,2021-01-13
"1096",4.21555555555556,39.8547222222222,6.1,2021-01-13
"1097",-5.84861111111111,43.6558333333333,5.9,2021-01-13
"1098",-5.155,36.4169444444444,5.6,2021-01-13
"1099",-9.21083333333333,43.1605555555556,5.5,2021-01-13
"1100",-3.82555555555556,43.4238888888889,5.4,2021-01-13
"1101",-5.965,36.2455555555556,5.4,2021-01-13
"1102",-0.935,41.6208333333333,5.3,2021-01-13
"1103",-4.74805555555556,43.4202777777778,4.9,2021-01-13
"1104",-2.90638888888889,43.2980555555556,4.8,2021-01-13
"1105",-1.63833333333333,42.8177777777778,4.8,2021-01-13
"1106",-1.58694444444444,37.4172222222222,4.6,2021-01-13
"1107",-1.47527777777778,42.1986111111111,4.6,2021-01-13
"1108",-2.41333333333333,43.2094444444445,4.5,2021-01-13
"1109",2.2,41.3905555555556,4.4,2021-01-13
"1110",-5.70083333333333,43.56,4.3,2021-01-13
"1111",-1.00416666666667,41.6605555555556,4.1,2021-01-13
"1112",-4.35388888888889,37.5561111111111,4,2021-01-13
"1113",-6.25777777777778,36.4997222222222,4,2021-01-13
"1114",-0.570833333333333,38.2827777777778,3.9,2021-01-13
"1115",-8.42138888888889,43.3658333333333,3.9,2021-01-13
"1116",-1.65,42.7769444444444,3.8,2021-01-13
"1117",-0.371944444444444,39.1847222222222,3.7,2021-01-13
"1118",-5.59888888888889,36.0138888888889,3.7,2021-01-13
"1119",-6.47,43.5691666666667,3.6,2021-01-13
"1120",-1.21361111111111,42.4908333333333,3.5,2021-01-13
"1121",-3.80888888888889,37.7775,3.4,2021-01-13
"1122",-4.39222222222222,43.3933333333333,3.3,2021-01-13
"1123",-1.54305555555556,43.1358333333333,3.3,2021-01-13
"1124",2.07,41.2927777777778,3.3,2021-01-13
"1125",-0.0719444444444444,39.9572222222222,2.7,2021-01-13
"1126",-4.48166666666667,36.7177777777778,2.7,2021-01-13
"1127",-0.987777777777778,37.6011111111111,2.7,2021-01-13
"1128",-3.10472222222222,43.2033333333333,2.5,2021-01-13
"1129",-6.20555555555556,36.4655555555556,2.4,2021-01-13
"1130",-1.5325,42.7761111111111,2.4,2021-01-13
"1131",-0.366388888888889,39.4805555555556,2.4,2021-01-13
"1132",-2.78,37.1413888888889,2.4,2021-01-13
"1133",-6.73805555555556,37.0980555555556,2.3,2021-01-13
"1134",-7.395,37.1947222222222,2.3,2021-01-13
"1135",-6.04416666666667,43.5669444444444,2,2021-01-13
"1136",2.12416666666667,41.4183333333333,1.9,2021-01-13
"1137",2.54,41.5875,1.9,2021-01-13
"1138",-2.33111111111111,42.4522222222222,1.8,2021-01-13
"1139",-2.70166666666667,36.6869444444444,1.7,2021-01-13
"1140",-4.48222222222222,36.6661111111111,1.6,2021-01-13
"1141",-0.805833333333333,37.7783333333333,1.5,2021-01-13
"1142",-2.3175,43.08,1.5,2021-01-13
"1143",1.38444444444444,38.8763888888889,1.5,2021-01-13
"1144",-6.675,37.8686111111111,1.4,2021-01-13
"1145",-0.366388888888889,39.4805555555556,1.3,2021-01-13
"1146",2.71305555555556,39.735,1.1,2021-01-13
"1147",-0.237777777777778,40.9466666666667,1.1,2021-01-13
"1148",-0.494166666666667,38.3725,1,2021-01-13
"1149",-1.70305555555556,38.5419444444444,1,2021-01-13
"1150",3.01916666666667,39.5216666666667,1,2021-01-13
"1151",-6.3325,36.6388888888889,1,2021-01-13
"1152",-0.0958333333333333,38.9288888888889,0.9,2021-01-13
"1153",-5.87416666666667,43.3533333333333,0.8,2021-01-13
"1154",-5.87416666666667,43.3533333333333,0.7,2021-01-13
"1155",-7.03138888888889,43.5247222222222,0.6,2021-01-13
"1156",-4.35055555555556,39.5469444444444,0.6,2021-01-13
"1157",-8.62388888888889,42.2386111111111,0.6,2021-01-13
"1158",-1.94361111111111,37.3905555555556,0.5,2021-01-13
"1159",-0.803333333333333,37.7888888888889,0.5,2021-01-13
"1160",-4.60888888888889,38.3330555555556,0.5,2021-01-13
"1161",-6.01694444444444,38.2316666666667,0.4,2021-01-13
"1162",-5.87916666666667,37.4166666666667,0.4,2021-01-13
"1163",-1.17083333333333,38.0019444444444,0.4,2021-01-13
"1164",-8.61583333333333,42.4383333333333,0.3,2021-01-13
"1165",3.01666666666667,39.7491666666667,0.2,2021-01-13
"1166",2.88583333333333,39.8233333333333,0.2,2021-01-13
"1167",-0.141666666666667,41.0580555555556,0.2,2021-01-13
"1168",-6.91166666666667,37.2783333333333,0,2021-01-13
"1169",-1.68722222222222,37.6547222222222,-0.1,2021-01-13
"1170",-5.62111111111111,43.5230555555556,-0.3,2021-01-13
"1171",-3.765,40.6961111111111,-0.4,2021-01-13
"1172",-5.61138888888889,37.1644444444444,-0.4,2021-01-13
"1173",2.73666666666667,39.5608333333333,-0.5,2021-01-13
"1174",1.16361111111111,41.145,-0.8,2021-01-13
"1175",-0.474722222222222,39.485,-0.8,2021-01-13
"1176",-1.22861111111111,37.9577777777778,-0.9,2021-01-13
"1177",0.167777777777778,38.7836111111111,-0.9,2021-01-13
"1178",1.84027777777778,41.72,-1,2021-01-13
"1179",-2.735,42.8819444444444,-1,2021-01-13
"1180",1.93944444444444,42.3325,-1.1,2021-01-13
"1181",-0.673055555555556,42.7088888888889,-1.2,2021-01-13
"1182",-5.37694444444444,43.0622222222222,-1.2,2021-01-13
"1183",2.69694444444444,41.6508333333333,-1.2,2021-01-13
"1184",-1.38055555555556,38.2327777777778,-1.3,2021-01-13
"1185",-8.37194444444444,43.3069444444444,-1.4,2021-01-13
"1186",-8.55583333333333,42.8761111111111,-1.4,2021-01-13
"1187",2.76361111111111,42.1044444444444,-1.4,2021-01-13
"1188",-1.03805555555556,38.3997222222222,-1.5,2021-01-13
"1189",-5.085,37.5161111111111,-1.6,2021-01-13
"1190",-4.77,37.1944444444444,-1.6,2021-01-13
"1191",-5.37416666666667,36.7605555555556,-1.7,2021-01-13
"1192",-0.523611111111111,39.0016666666667,-1.8,2021-01-13
"1193",-1.87722222222222,38.1025,-1.8,2021-01-13
"1194",-4.01055555555556,40.7930555555556,-2,2021-01-13
"1195",-6.05583333333333,36.7505555555556,-2.1,2021-01-13
"1196",-8.62722222222222,42.7383333333333,-2.2,2021-01-13
"1197",-2.88972222222222,38.3147222222222,-2.3,2021-01-13
"1198",-7.23111111111111,39.4147222222222,-2.4,2021-01-13
"1199",-6.08583333333333,40.0430555555556,-2.5,2021-01-13
"1200",-3.56666666666667,38.5180555555556,-2.5,2021-01-13
"1201",-8.41055555555556,42.8880555555556,-2.5,2021-01-13
"1202",-2.73277777777778,42.8719444444444,-2.5,2021-01-13
"1203",-0.186666666666667,40.4986111111111,-2.7,2021-01-13
"1204",-0.255833333333333,40.4333333333333,-2.8,2021-01-13
"1205",-4.74833333333333,37.0294444444444,-2.9,2021-01-13
"1206",-4.12638888888889,40.9452777777778,-2.9,2021-01-13
"1207",2.19611111111111,42.1913888888889,-2.9,2021-01-13
"1208",-1.15972222222222,38.6016666666667,-3,2021-01-13
"1209",-3.47527777777778,41.1919444444444,-3,2021-01-13
"1210",-4.84666666666667,37.8488888888889,-3.1,2021-01-13
"1211",2.76333333333333,41.9116666666667,-3.2,2021-01-13
"1212",0.224722222222222,42.63,-3.4,2021-01-13
"1213",-5.12111111111111,38.4986111111111,-3.4,2021-01-13
"1214",-6.765,38.2986111111111,-3.5,2021-01-13
"1215",-5.88055555555556,38.9555555555556,-3.6,2021-01-13
"1216",-6.33888888888889,39.4713888888889,-3.7,2021-01-13
"1217",-3.58027777777778,41.1355555555556,-3.8,2021-01-13
"1218",-7.2825,42.3394444444444,-3.9,2021-01-13
"1219",0.598055555555556,41.6261111111111,-3.9,2021-01-13
"1220",-6.5575,40.0036111111111,-4,2021-01-13
"1221",-1.66,38.9358333333333,-4,2021-01-13
"1222",0.865277777777778,42.2052777777778,-4.1,2021-01-13
"1223",-7.85972222222222,42.3252777777778,-4.4,2021-01-13
"1224",1.46305555555556,42.3547222222222,-4.4,2021-01-13
"1225",-7.4575,43.1113888888889,-4.4,2021-01-13
"1226",-0.325555555555556,42.0844444444444,-4.5,2021-01-13
"1227",-6.81388888888889,38.8833333333333,-4.5,2021-01-13
"1228",-3.63138888888889,37.1372222222222,-4.6,2021-01-13
"1229",-5.77638888888889,42.9786111111111,-4.7,2021-01-13
"1230",-5.76972222222222,37.9263888888889,-4.7,2021-01-13
"1231",-0.546944444444444,42.5788888888889,-4.8,2021-01-13
"1232",-5.06222222222222,39.1694444444444,-4.9,2021-01-13
"1233",-4.14194444444444,40.7063888888889,-4.9,2021-01-13
"1234",-6.38555555555556,38.9158333333333,-5,2021-01-13
"1235",-4.59083333333333,40.2886111111111,-5,2021-01-13
"1236",-8.0925,42.4213888888889,-5,2021-01-13
"1237",-4.06333333333333,38.0230555555556,-5,2021-01-13
"1238",-3.93388888888889,42.8063888888889,-5.3,2021-01-13
"1239",-6.41416666666667,42.9941666666667,-5.4,2021-01-13
"1240",-3.92027777777778,38.9891666666667,-5.5,2021-01-13
"1241",-3.39138888888889,38.7505555555556,-5.7,2021-01-13
"1242",-3.48277777777778,42.92,-5.7,2021-01-13
"1243",-6.6,42.5638888888889,-5.8,2021-01-13
"1244",-6.43777777777778,41.0113888888889,-5.8,2021-01-13
"1245",-2.13194444444444,40.0672222222222,-5.8,2021-01-13
"1246",-3.78944444444444,37.1897222222222,-5.9,2021-01-13
"1247",-3.0075,39.1691666666667,-6.3,2021-01-13
"1248",-2.735,37.5058333333333,-6.3,2021-01-13
"1249",-3.61361111111111,41.0069444444444,-6.3,2021-01-13
"1250",-4.60277777777778,41.9955555555556,-6.4,2021-01-13
"1251",-5.65111111111111,42.5883333333333,-6.5,2021-01-13
"1252",-4.75444444444444,41.6408333333333,-6.5,2021-01-13
"1253",-5.73527777777778,41.5155555555556,-6.6,2021-01-13
"1254",-4.61638888888889,39.0886111111111,-6.9,2021-01-13
"1255",-5.66666666666667,42.0108333333333,-6.9,2021-01-13
"1256",-5.5825,39.9458333333333,-6.9,2021-01-13
"1257",0.876944444444445,42.7002777777778,-7,2021-01-13
"1258",-6.6,40.635,-7.2,2021-01-13
"1259",-4.61722222222222,42.3508333333333,-7.2,2021-01-13
"1260",-3.67805555555556,40.4119444444444,-7.2,2021-01-13
"1261",-3.13166666666667,41.9597222222222,-7.4,2021-01-13
"1262",-4.25,40.4277777777778,-7.4,2021-01-13
"1263",-4.86361111111111,39.9586111111111,-7.4,2021-01-13
"1264",-3.02138888888889,40.0113888888889,-7.5,2021-01-13
"1265",-1.86222222222222,39.0055555555556,-7.5,2021-01-13
"1266",-5.66222222222222,40.9575,-7.8,2021-01-13
"1267",-3.78611111111111,40.3755555555556,-7.9,2021-01-13
"1268",-4.52,42.8705555555556,-8,2021-01-13
"1269",-2.15,40.5302777777778,-8.3,2021-01-13
"1270",-3.62027777777778,42.3569444444444,-8.5,2021-01-13
"1271",-3.04694444444444,39.5975,-8.5,2021-01-13
"1272",-4.85555555555556,41.7119444444444,-8.5,2021-01-13
"1273",-6.19666666666667,42.3775,-8.6,2021-01-13
"1274",-4.68,40.6591666666667,-8.9,2021-01-13
"1275",-3.15,40.6302777777778,-9,2021-01-13
"1276",-6.27972222222222,41.9413888888889,-9.2,2021-01-13
"1277",-1.24472222222222,39.5755555555556,-9.2,2021-01-13
"1278",-1.85638888888889,38.9541666666667,-9.5,2021-01-13
"1279",-2.48305555555556,41.775,-9.5,2021-01-13
"1280",-7.73361111111111,42.0791666666667,-10.5,2021-01-13
"1281",-3.72416666666667,40.4516666666667,-11,2021-01-13
"1282",-2.42055555555556,39.4166666666667,-11.1,2021-01-13
"1283",-4.04527777777778,39.8847222222222,-11.5,2021-01-13
"1284",-5.49833333333333,40.9594444444445,-11.6,2021-01-13
"1285",-4.16055555555556,42.9919444444444,-11.6,2021-01-13
"1286",-2.61805555555556,41.0863888888889,-11.9,2021-01-13
"1287",-3.72222222222222,40.2994444444444,-12,2021-01-13
"1288",-3.55555555555556,40.4666666666667,-12.2,2021-01-13
"1289",-3.44361111111111,40.4886111111111,-12.7,2021-01-13
"1290",-1.64527777777778,41.3311111111111,-13.2,2021-01-13
"1291",-3.52833333333333,39.4919444444444,-13.4,2021-01-13
"1292",-3.74277777777778,41.6658333333333,-13.9,2021-01-13
"1293",-1.41,41.1144444444444,-14.9,2021-01-13
"1294",-1.12416666666667,40.3505555555556,-15.5,2021-01-13
"1295",-1.29333333333333,40.9261111111111,-18,2021-01-13
"1296",-1.87888888888889,40.8416666666667,-19.9,2021-01-13
