fecha,indicativo,nombre,provincia,tmin,longitud,latitud,altitud
2021-01-06,4358X,DON BENITO,BADAJOZ,-4.7,-5.880555555555556,38.955555555555556,273
2021-01-06,4220X,PUEBLA DE DON RODRIGO,CIUDAD REAL,-7,-4.616388888888888,39.08861111111111,486
2021-01-06,6106X,ANTEQUERA,MALAGA,4.7,-4.748333333333333,37.029444444444444,408
2021-01-06,9698U,TALARN,LLEIDA,-6.8,0.8652777777777777,42.20527777777778,807
2021-01-06,4410X,MÉRIDA,BADAJOZ,-3.4,-6.385555555555556,38.91583333333333,228
2021-01-06,1331A,CASTROPOL,ASTURIAS,1,-7.0313888888888885,43.52472222222222,40
2021-01-06,1690A,OURENSE,OURENSE,-0.1,-7.859722222222222,42.32527777777778,143
2021-01-06,8489X,VILLAFRANCA DEL CID/VILLAFRANCA,CASTELLON,-8,-0.25583333333333336,40.43333333333333,1131
2021-01-06,8025,ALICANTE/ALACANT,ALICANTE,2,-0.49416666666666664,38.3725,81
2021-01-06,9784P,BIELSA,HUESCA,-10,0.22472222222222224,42.63,992
2021-01-06,2331,BURGOS AEROPUERTO,BURGOS,-6.3,-3.620277777777778,42.356944444444444,891
2021-01-06,9434,"ZARAGOZA, AEROPUERTO",ZARAGOZA,-2.7,-1.0041666666666667,41.660555555555554,249
2021-01-06,1109,SANTANDER AEROPUERTO,CANTABRIA,1.6,-3.8255555555555554,43.42388888888889,3
2021-01-06,6293X,ROQUETAS DE MAR,ALMERIA,9.5,-2.7016666666666667,36.68694444444444,3
2021-01-06,1212E,ASTURIAS AEROPUERTO,ASTURIAS,2.1,-6.0441666666666665,43.566944444444445,127
2021-01-06,9394X,CALATAYUD,ZARAGOZA,-6.5,-1.6452777777777778,41.33111111111111,582
2021-01-06,3094B,TARANCÓN,CUENCA,-2.6,-3.0213888888888887,40.01138888888889,808
2021-01-06,1059X,PUNTA GALEA,BIZKAIA,3.7,-3.0216666666666665,43.375,90
2021-01-06,1207U,"GIJÓN, CAMPUS",ASTURIAS,-1,-5.621111111111111,43.52305555555555,26
2021-01-06,6367B,HUÉRCAL-OVERA,ALMERIA,4.5,-1.9436111111111112,37.39055555555556,300
2021-01-06,7228,"ALCANTARILLA, BASE AÉREA",MURCIA,-0.5,-1.2286111111111113,37.95777777777778,75
2021-01-06,7002Y,ÁGUILAS,MURCIA,7.5,-1.5869444444444445,37.41722222222222,26
2021-01-06,3191E,COLMENAR VIEJO,MADRID,-3.7,-3.765,40.69611111111111,1004
2021-01-06,0016A,REUS AEROPUERTO,TARRAGONA,-5.1,1.163611111111111,41.144999999999996,71
2021-01-06,8058X,OLIVA,VALENCIA,-0.6,-0.09583333333333333,38.928888888888885,5
2021-01-06,0367,GIRONA AEROPUERTO,GIRONA,-3,2.763333333333333,41.91166666666666,143
2021-01-06,7247X,PINOSO,ALICANTE,-5.1,-1.0380555555555557,38.39972222222222,575
2021-01-06,3200,GETAFE,MADRID,-4.4,-3.7222222222222223,40.29944444444444,620
2021-01-06,4103X,TOMELLOSO,CIUDAD REAL,-8,-3.0075,39.16916666666666,662
2021-01-06,3175,TORREJÓN DE ARDOZ,MADRID,-6.1,-3.443611111111111,40.48861111111111,607
2021-01-06,3129,MADRID AEROPUERTO,MADRID,-6.9,-3.5555555555555554,40.46666666666667,609
2021-01-06,4067,MADRIDEJOS,TOLEDO,-8.4,-3.5283333333333333,39.49194444444444,690
2021-01-06,1014A,SAN SEBASTIÁN AEROPUERTO,GIPUZKOA,-1.4,-1.7922222222222222,43.356944444444444,4
2021-01-06,7031X,SAN JAVIER AEROPUERTO,MURCIA,5.9,-0.8058333333333334,37.77833333333333,4
2021-01-06,7209,LORCA,MURCIA,1.6,-1.6872222222222222,37.65472222222222,312
2021-01-06,3519X,PLASENCIA,CACERES,-1.7,-6.085833333333333,40.043055555555554,415
2021-01-06,2755X,BENAVENTE,ZAMORA,-5.2,-5.666666666666667,42.01083333333333,715
2021-01-06,8175,ALBACETE BASE AÉREA,ALBACETE,-9.1,-1.856388888888889,38.95416666666667,702
2021-01-06,9244X,SOS DEL REY CATÓLICO,ZARAGOZA,-6,-1.213611111111111,42.490833333333335,626
2021-01-06,6277B,ADRA,ALMERIA,9.1,-3.0205555555555557,36.74722222222222,8
2021-01-06,9170,"LOGROÑO, AEROPUERTO",LA RIOJA,-2.8,-2.331111111111111,42.452222222222225,353
2021-01-06,9111,BELORADO,BURGOS,,-3.1702777777777778,42.42111111111111,820
2021-01-06,7031,SAN JAVIER AEROPUERTO,MURCIA,5.5,-0.8033333333333333,37.788888888888884,4
2021-01-06,5181D,ARROYO DEL OJANCO,JAEN,0,-2.8897222222222223,38.31472222222222,580
2021-01-06,B691Y,SA POBLA,ILLES BALEARS,-0.9,3.0166666666666666,39.74916666666667,40
2021-01-06,1159,SAN VICENTE DE LA BARQUERA,CANTABRIA,1.4,-4.392222222222222,43.39333333333333,38
2021-01-06,3260B,TOLEDO,TOLEDO,-5.5,-4.045277777777778,39.88472222222222,515
2021-01-06,3194U,"MADRID, CIUDAD UNIVERSITARIA",MADRID,-6.3,-3.7241666666666666,40.45166666666667,664
2021-01-06,1283U,CABO BUSTO,ASTURIAS,2.1,-6.47,43.56916666666667,60
2021-01-06,1083L,CASTRO URDIALES,CANTABRIA,2.8,-3.233888888888889,43.39472222222222,45
2021-01-06,2117D,ARANDA DE DUERO,BURGOS,-8.4,-3.742777777777778,41.66583333333333,790
2021-01-06,5514,GRANADA BASE AÉREA,GRANADA,-0.1,-3.631388888888889,37.13722222222222,687
2021-01-06,B248,"SIERRA DE ALFABIA, BUNYOLA",ILLES BALEARS,-1,2.7130555555555556,39.735,1030
2021-01-06,5860E,"MOGUER, EL ARENOSILLO",HUELVA,5,-6.7380555555555555,37.09805555555556,41
2021-01-06,2465,SEGOVIA,SEGOVIA,-5.2,-4.126388888888888,40.945277777777775,1005
2021-01-06,B228,"PALMA, PUERTO",ILLES BALEARS,3.1,2.625277777777778,39.555277777777775,3
2021-01-06,B013X,"ESCORCA, LLUC",ILLES BALEARS,-1.1,2.8858333333333333,39.82333333333334,490
2021-01-06,4090Y,SAN CLEMENTE,CUENCA,-6.5,-2.4205555555555556,39.416666666666664,728
2021-01-06,0324A,RIPOLL,GIRONA,-8.7,2.196111111111111,42.19138888888889,675
2021-01-06,5995B,VEJER DE LA FRONTERA,CADIZ,7,-5.965,36.245555555555555,186
2021-01-06,1473A,PADRÓN,A CORUÑA,-1.3,-8.627222222222223,42.73833333333334,100
2021-01-06,1024E,"DONOSTIA/SAN SEBASTIÁN, IGUELDO",GIPUZKOA,0,-2.041111111111111,43.30638888888888,251
2021-01-06,9619,LA SEU D'URGELL,LLEIDA,-10.2,1.4630555555555556,42.35472222222222,677
2021-01-06,5427X,DOÑA MENCÍA,CORDOBA,3.7,-4.353888888888888,37.55611111111111,650
2021-01-06,1082,BILBAO AEROPUERTO,BIZKAIA,1.6,-2.906388888888889,43.29805555555556,42
2021-01-06,B569X,CAPDEPERA,ILLES BALEARS,7,3.4780555555555557,39.71666666666667,57
2021-01-06,7145D,CIEZA,MURCIA,-0.1,-1.3805555555555555,38.23277777777778,265
2021-01-06,5402,CÓRDOBA AEROPUERTO,CORDOBA,2.4,-4.846666666666667,37.848888888888894,90
2021-01-06,1387E,A CORUÑA AEROPUERTO,A CORUÑA,-2.5,-8.371944444444445,43.30694444444444,98
2021-01-06,5641X,ÉCIJA,SEVILLA,5.8,-5.085,37.51611111111111,130
2021-01-06,4148,VISO DEL MARQUÉS,CIUDAD REAL,-5.7,-3.5666666666666664,38.518055555555556,804
2021-01-06,1002Y,"BAZTAN, IRURITA",NAVARRA,-3.4,-1.5430555555555554,43.13583333333333,183
2021-01-06,6058I,ESTEPONA,MALAGA,9.3,-5.155,36.41694444444444,19
2021-01-06,9898,"HUESCA, AEROPUERTO",HUESCA,-5.4,-0.32555555555555554,42.08444444444444,546
2021-01-06,9569A,CALANDA,TERUEL,-2.4,-0.23777777777777778,40.946666666666665,466
2021-01-06,1505,LUGO AEROPUERTO,LUGO,-2.6,-7.4575000000000005,43.11138888888889,445
2021-01-06,2661,"LEÓN, VIRGEN DEL CAMINO",LEON,-5.1,-5.651111111111112,42.58833333333334,912
2021-01-06,7096B,HELLÍN,ALBACETE,-2.4,-1.7030555555555555,38.54194444444444,646
2021-01-06,5960,JEREZ DE LA FRONTERA AEROPUERTO,CADIZ,0.4,-6.055833333333333,36.75055555555556,27
2021-01-06,9434P,"ZARAGOZA, VALDESPARTERA",ZARAGOZA,-2.5,-0.935,41.62083333333334,254
2021-01-06,8019,ALICANTE-ELCHE AEROPUERTO,ALICANTE,3.7,-0.5708333333333333,38.282777777777774,43
2021-01-06,8500A,CASTELLÓN - ALMASSORA,CASTELLON,1.6,-0.07194444444444445,39.95722222222223,43
2021-01-06,5796,MORÓN DE LA FRONTERA,SEVILLA,1.2,-5.6113888888888885,37.16444444444444,87
2021-01-06,5047E,BAZA,GRANADA,-0.8,-2.735,37.505833333333335,785
2021-01-06,5972X,SAN FERNANDO,CADIZ,5,-6.205555555555556,36.46555555555556,28
2021-01-06,1475X,SANTIAGO DE COMPOSTELA,A CORUÑA,0,-8.555833333333334,42.876111111111115,240
2021-01-06,0076,BARCELONA AEROPUERTO,BARCELONA,-0.5,2.0700000000000003,41.29277777777778,4
2021-01-06,4061X,QUINTANAR DE LA ORDEN,TOLEDO,-5.4,-3.0469444444444442,39.597500000000004,691
2021-01-06,3110C,BUITRAGO DEL LOZOYA,MADRID,-8.3,-3.613611111111111,41.00694444444444,1030
2021-01-06,9990X,"NAUT ARAN, ARTIES",LLEIDA,-10.7,0.8769444444444445,42.70027777777778,1161
2021-01-06,8325X,POLINYÀ DE XÚQUER,VALENCIA,1.4,-0.3719444444444444,39.18472222222222,12
2021-01-06,2867,SALAMANCA AEROPUERTO,SALAMANCA,-9,-5.498333333333333,40.95944444444445,790
2021-01-06,B346X,PORRERES,ILLES BALEARS,-1.1,3.0191666666666666,39.52166666666667,120
2021-01-06,2235U,CERVERA DE PISUERGA,PALENCIA,-7.2,-4.52,42.870555555555555,1140
2021-01-06,1221D,PAJARES-VALGRANDE,ASTURIAS,-9,-5.776388888888889,42.978611111111114,1480
2021-01-06,2775X,VILLARDECIERVOS,ZAMORA,-8.9,-6.279722222222222,41.94138888888889,850
2021-01-06,9981A,ESTACIÓN DE TORTOSA (ROQUETES),TARRAGONA,2.3,0.49333333333333335,40.82027777777778,50
2021-01-06,3434X,NAVALMORAL DE LA MATA,CACERES,-5.2,-5.5825,39.94583333333333,269
2021-01-06,1041A,ZUMAIA,GIPUZKOA,1,-2.2511111111111113,43.30222222222222,28
2021-01-06,4267X,HINOJOSA DEL DUQUE,CORDOBA,-5.6,-5.1211111111111105,38.49861111111111,551
2021-01-06,9294E,"BARDENAS REALES, BASE AÉREA",NAVARRA,-4.4,-1.475277777777778,42.198611111111106,295
2021-01-06,4386B,LLERENA,BADAJOZ,-2.5,-6.016944444444444,38.23166666666667,655
2021-01-06,4452,BADAJOZ AEROPUERTO,BADAJOZ,-2.1,-6.813888888888889,38.88333333333333,185
2021-01-06,3391,SOTILLO DE LA ADRADA,AVILA,-4.2,-4.590833333333333,40.28861111111111,630
2021-01-06,5390Y,VILLANUEVA DE CÓRDOBA,CORDOBA,-1.9,-4.608888888888888,38.33305555555556,750
2021-01-06,9263X,"ARANGUREN, ILUNDAIN",NAVARRA,-3.4,-1.5325,42.77611111111111,572
2021-01-06,3111D,SOMOSIERRA,MADRID,-8.7,-3.5802777777777774,41.135555555555555,1450
2021-01-06,3013,MOLINA DE ARAGÓN,GUADALAJARA,-12,-1.8788888888888888,40.84166666666667,1062
2021-01-06,8293X,XÀTIVA,VALENCIA,-2.3,-0.5236111111111111,39.001666666666665,88
2021-01-06,0372C,PORQUERES,GIRONA,-4.3,2.763611111111111,42.10444444444445,157
2021-01-06,5704B,CAZALLA DE LA SIERRA,SEVILLA,-1.7,-5.769722222222222,37.92638888888889,550
2021-01-06,8414A,VALENCIA AEROPUERTO,VALENCIA,-2.3,-0.4747222222222222,39.485,56
2021-01-06,1735X,XINZO DE LIMIA,OURENSE,-6.9,-7.733611111111111,42.07916666666667,616
2021-01-06,5270B,JAÉN,JAEN,2.3,-3.8088888888888888,37.777499999999996,580
2021-01-06,9563X,CASTELLFORT,CASTELLON,-4.8,-0.18666666666666665,40.49861111111111,1220
2021-01-06,1700X,O CARBALLIÑO,OURENSE,-1,-8.092500000000001,42.421388888888885,400
2021-01-06,3526X,CORIA,CACERES,-4.1,-6.5575,40.00361111111111,313
2021-01-06,1387,A CORUÑA,A CORUÑA,2.3,-8.421388888888888,43.365833333333335,58
2021-01-06,9381I,CALAMOCHA,TERUEL,-8.6,-1.2933333333333332,40.92611111111111,890
2021-01-06,4121,CIUDAD REAL,CIUDAD REAL,-6.2,-3.9202777777777778,38.98916666666667,628
2021-01-06,8177A,CHINCHILLA,ALBACETE,-5.8,-1.66,38.93583333333333,880
2021-01-06,1183X,LLANES,ASTURIAS,2.7,-4.748055555555555,43.42027777777778,10
2021-01-06,8368U,TERUEL,TERUEL,-8.8,-1.1241666666666668,40.35055555555556,900
2021-01-06,8178D,ALBACETE,ALBACETE,-8,-1.8622222222222222,39.00555555555555,676
2021-01-06,8416Y,"VALÈNCIA, VIVEROS",VALENCIA,1.7,-0.3663888888888889,39.480555555555554,11
2021-01-06,5783,SEVILLA AEROPUERTO,SEVILLA,2,-5.879166666666667,37.416666666666664,34
2021-01-06,6205X,TORROX,MALAGA,9.7,-3.957222222222222,36.72638888888889,3
2021-01-06,1400,FISTERRA,A CORUÑA,3.5,-9.29138888888889,42.92472222222222,230
2021-01-06,6156X,"MÁLAGA, CENTRO METEOROLÓGICO",MALAGA,9.1,-4.4816666666666665,36.717777777777776,54
2021-01-06,5530E,GRANADA AEROPUERTO,GRANADA,1.7,-3.7894444444444444,37.189722222222215,567
2021-01-06,6084X,FUENGIROLA,MALAGA,10.4,-4.618333333333334,36.53861111111111,8
2021-01-06,1078I,GÜEÑES,BIZKAIA,1.2,-3.104722222222222,43.20333333333333,208
2021-01-06,9208E,ARAGÜÉS DEL PUERTO,HUESCA,-9.2,-0.6730555555555555,42.70888888888889,1040
2021-01-06,0200E,"BARCELONA, FABRA",BARCELONA,1,2.1241666666666665,41.41833333333333,408
2021-01-06,9019B,"VALDERREDIBLE, POLIENTES",CANTABRIA,-5.2,-3.933888888888889,42.80638888888888,720
2021-01-06,2946X,SAELICES EL CHICO,SALAMANCA,-7.7,-6.6,40.635,680
2021-01-06,1549,PONFERRADA,LEON,-4,-6.6,42.56388888888888,534
2021-01-06,3100B,ARANJUEZ,MADRID,-8,-3.546111111111111,40.06722222222223,540
2021-01-06,4147X,VALDEPEÑAS,CIUDAD REAL,-6.3,-3.391388888888889,38.75055555555556,700
2021-01-06,2400E,AUTILLA DEL PINO,PALENCIA,-5.3,-4.602777777777778,41.995555555555555,874
2021-01-06,5000C,CEUTA,CEUTA,9.7,-5.3469444444444445,35.88861111111111,87
2021-01-06,9051,MEDINA DE POMAR,BURGOS,-5.1,-3.4827777777777778,42.919999999999995,580
2021-01-06,7275C,YECLA,MURCIA,-6.8,-1.159722222222222,38.60166666666667,640
2021-01-06,2298,PALACIOS DE LA SIERRA,BURGOS,-13.2,-3.131666666666667,41.959722222222226,1080
2021-01-06,3168D,GUADALAJARA,GUADALAJARA,-5.6,-3.15,40.63027777777778,721
2021-01-06,9585,LA MOLINA,GIRONA,-10.2,1.9394444444444445,42.3325,1703
2021-01-06,2462,PUERTO DE NAVACERRADA,MADRID,-9.7,-4.010555555555555,40.793055555555554,1894
2021-01-06,2630X,PUERTO DE SAN ISIDRO,LEON,-13.1,-5.376944444444444,43.06222222222222,1510
2021-01-06,B278,"PALMA DE MALLORCA, AEROPUERTO",ILLES BALEARS,-2.4,2.736666666666667,39.56083333333333,8
2021-01-06,3298X,SAN PABLO DE LOS MONTES,TOLEDO,-3.5,-4.350555555555555,39.54694444444444,917
2021-01-06,4244X,HERRERA DEL DUQUE,BADAJOZ,-4.8,-5.062222222222222,39.169444444444444,447
2021-01-06,2539,VALLADOLID AEROPUERTO,VALLADOLID,-7.4,-4.855555555555555,41.71194444444445,846
2021-01-06,7178I,MURCIA,MURCIA,2.4,-1.1708333333333334,38.00194444444445,61
2021-01-06,2444,ÁVILA,AVILA,-7.9,-4.680000000000001,40.659166666666664,1130
2021-01-06,6302A,ABLA,ALMERIA,2.6,-2.78,37.14138888888889,869
2021-01-06,3196,"MADRID, CUATRO VIENTOS",MADRID,-3.2,-3.786111111111111,40.37555555555556,690
2021-01-06,2030,SORIA,SORIA,-8.9,-2.4830555555555556,41.775,1082
2021-01-06,4560Y,ALAJAR,HUELVA,0.6,-6.675000000000001,37.868611111111115,572
2021-01-06,1050J,ELGOIBAR,GIPUZKOA,-1.8,-2.413333333333333,43.20944444444445,119
2021-01-06,0149X,MANRESA,BARCELONA,-5.3,1.840277777777778,41.72,291
2021-01-06,8309X,UTIEL,VALENCIA,-6.2,-1.2447222222222223,39.57555555555556,758
2021-01-06,1393,CABO VILÁN,A CORUÑA,4.1,-9.210833333333333,43.160555555555554,50
2021-01-06,1495,VIGO AEROPUERTO,PONTEVEDRA,-1,-8.623888888888889,42.23861111111111,261
2021-01-06,1249X,OVIEDO,ASTURIAS,0.5,-5.874166666666667,43.35333333333333,336
2021-01-06,5582A,LOJA,GRANADA,,-4.152777777777779,37.16111111111111,760
2021-01-06,6155A,MÁLAGA AEROPUERTO,MALAGA,9,-4.482222222222222,36.66611111111111,5
2021-01-06,3576X,VALENCIA DE ALCÁNTARA,CACERES,-4.2,-7.231111111111111,39.414722222222224,444
2021-01-06,2870,SALAMANCA,SALAMANCA,-5.9,-5.662222222222223,40.9575,775
2021-01-06,9201K,JACA,HUESCA,-8.9,-0.5469444444444445,42.57888888888889,823
2021-01-06,1351,ESTACA DE BARES,A CORUÑA,4.4,-7.684722222222223,43.78611111111111,80
2021-01-06,3266A,PUERTO ALTO DEL LEÓN,MADRID,-7.4,-4.141944444444444,40.70638888888889,1532
2021-01-06,1631E,A POBRA DE TRIVES,OURENSE,-6.6,-7.2825,42.339444444444446,840
2021-01-06,7012C,CARTAGENA,MURCIA,6.4,-0.9877777777777778,37.60111111111111,17
2021-01-06,1057B,MACHICHACO,BIZKAIA,2.1,-2.7527777777777778,43.45388888888889,93
2021-01-06,3338,ROBLEDO DE CHAVELA,MADRID,-5.9,-4.25,40.42777777777778,763
2021-01-06,2374X,CARRIÓN DE LOS CONDES,PALENCIA,-4.4,-4.617222222222223,42.350833333333334,830
2021-01-06,1484C,PONTEVEDRA,PONTEVEDRA,-0.4,-8.615833333333333,42.43833333333333,108
2021-01-06,0252D,ARENYS DE MAR,BARCELONA,1.3,2.54,41.587500000000006,74
2021-01-06,5911A,GRAZALEMA,CADIZ,-0.1,-5.3741666666666665,36.760555555555555,913
2021-01-06,1428,SANTIAGO DE COMPOSTELA AEROPUERTO,A CORUÑA,-1,-8.410555555555556,42.88805555555555,370
2021-01-06,0201D,BARCELONA,BARCELONA,2,2.2,41.39055555555556,6
2021-01-06,9091O,FORONDA-TXOKIZA,ARABA/ALAVA,-6.4,-2.735,42.88194444444444,513
2021-01-06,3365A,TALAVERA DE LA REINA,TOLEDO,-5,-4.863611111111111,39.95861111111111,372
2021-01-06,5298X,ANDÚJAR,JAEN,0,-4.0633333333333335,38.02305555555555,202
2021-01-06,6000A,MELILLA,MELILLA,9.1,-2.956388888888889,35.27638888888889,52
2021-01-06,5973,CÁDIZ,CADIZ,5.8,-6.257777777777778,36.499722222222225,2
2021-01-06,2916A,VITIGUDINO,SALAMANCA,-5.4,-6.437777777777778,41.01138888888889,769
2021-01-06,2150H,"LA PINILLA, ESTACIÓN DE ESQUÍ",SEGOVIA,-10.4,-3.475277777777778,41.19194444444444,1798
2021-01-06,9771C,LLEIDA,LLEIDA,-5.6,0.5980555555555556,41.626111111111115,185
2021-01-06,9390,DAROCA,ZARAGOZA,-8,-1.41,41.114444444444445,779
2021-01-06,2614,ZAMORA,ZAMORA,-6.3,-5.735277777777778,41.51555555555556,656
2021-01-06,1208H,"GIJÓN, PUERTO",ASTURIAS,4.1,-5.700833333333334,43.559999999999995,5
2021-01-06,1037Y,ZUMARRAGA,GIPUZKOA,-4.7,-2.3175,43.080000000000005,420
2021-01-06,4511C,JEREZ DE LOS CABALLEROS,BADAJOZ,-2.2,-6.765,38.29861111111111,381
2021-01-06,9001D,REINOSA,CANTABRIA,-11.5,-4.160555555555556,42.99194444444444,870
2021-01-06,8096,CUENCA,CUENCA,-7.1,-2.1319444444444446,40.06722222222223,948
2021-01-06,6325O,ALMERÍA AEROPUERTO,ALMERIA,9.1,-2.3569444444444447,36.84638888888889,21
2021-01-06,1542,PUERTO DE LEITARIEGOS,ASTURIAS,-10.9,-6.4141666666666675,42.994166666666665,1530
2021-01-06,1111X,SANTANDER,CANTABRIA,3.6,-3.8005555555555555,43.49111111111111,52
2021-01-06,4642E,"HUELVA, RONDA ESTE",HUELVA,1.9,-6.911666666666667,37.27833333333333,19
2021-01-06,2422,VALLADOLID,VALLADOLID,-5.9,-4.754444444444444,41.64083333333333,735
2021-01-06,5910,"ROTA, BASE NAVAL",CADIZ,3.2,-6.3325,36.638888888888886,21
2021-01-06,9091R,VITORIA GASTEIZ AEROPUERTO,ARABA/ALAVA,-6.8,-2.7327777777777778,42.871944444444445,513
2021-01-06,4549Y,AYAMONTE,HUELVA,3.3,-7.3950000000000005,37.19472222222222,2
2021-01-06,3130C,SIGÜENZA,GUADALAJARA,-10.1,-2.618055555555556,41.08638888888889,1005
2021-01-06,2737E,LAGUNAS DE SOMOZA,LEON,-7.8,-6.196666666666667,42.3775,1020
2021-01-06,1210X,CABO PEÑAS,ASTURIAS,3.6,-5.8486111111111105,43.655833333333334,100
2021-01-06,B954,"IBIZA, AEROPUERTO",ILLES BALEARS,0,1.3844444444444444,38.87638888888889,6
2021-01-06,3469A,CÁCERES,CACERES,-4,-6.338888888888889,39.47138888888889,394
2021-01-06,8050X,JÁVEA/ XÀBIA,ALICANTE,-1.6,0.16777777777777778,38.78361111111111,15
2021-01-06,9262,PAMPLONA,NAVARRA,-3.1,-1.6383333333333332,42.81777777777778,450
2021-01-06,6001,TARIFA,CADIZ,10.1,-5.598888888888888,36.013888888888886,32
2021-01-06,9263D,"PAMPLONA, AEROPUERTO",NAVARRA,-4.4,-1.65,42.776944444444446,459
2021-01-06,3044X,CAÑIZARES,CUENCA,-9.2,-2.15,40.530277777777776,928
2021-01-06,3195,"MADRID, RETIRO",MADRID,-2.2,-3.6780555555555554,40.411944444444444,667
2021-01-06,B893,"MENORCA, AEROPUERTO",ILLES BALEARS,-0.6,4.2155555555555555,39.85472222222222,91
2021-01-06,9573X,ALCAÑIZ,TERUEL,-3.4,-0.14166666666666666,41.058055555555555,334
2021-01-06,7119B,CARAVACA DE LA CRUZ,MURCIA,-2.1,-1.8772222222222223,38.1025,643
2021-01-06,0255B,SANTA SUSANNA,BARCELONA,-2.2,2.6969444444444446,41.65083333333333,40
2021-01-06,5612B,LA RODA DE ANDALUCÍA,SEVILLA,1,-4.77,37.19444444444444,410
2021-01-07,4358X,DON BENITO,BADAJOZ,2.9,-5.880555555555556,38.955555555555556,273
2021-01-07,4220X,PUEBLA DE DON RODRIGO,CIUDAD REAL,1,-4.616388888888888,39.08861111111111,486
2021-01-07,6106X,ANTEQUERA,MALAGA,4.4,-4.748333333333333,37.029444444444444,408
2021-01-07,9698U,TALARN,LLEIDA,-5.8,0.8652777777777777,42.20527777777778,807
2021-01-07,4410X,MÉRIDA,BADAJOZ,3.2,-6.385555555555556,38.91583333333333,228
2021-01-07,1331A,CASTROPOL,ASTURIAS,0,-7.0313888888888885,43.52472222222222,40
2021-01-07,1690A,OURENSE,OURENSE,-1.3,-7.859722222222222,42.32527777777778,143
2021-01-07,8489X,VILLAFRANCA DEL CID/VILLAFRANCA,CASTELLON,-4.5,-0.25583333333333336,40.43333333333333,1131
2021-01-07,8025,ALICANTE/ALACANT,ALICANTE,6.2,-0.49416666666666664,38.3725,81
2021-01-07,9784P,BIELSA,HUESCA,-9.6,0.22472222222222224,42.63,992
2021-01-07,2331,BURGOS AEROPUERTO,BURGOS,-8.1,-3.620277777777778,42.356944444444444,891
2021-01-07,9434,"ZARAGOZA, AEROPUERTO",ZARAGOZA,-3.1,-1.0041666666666667,41.660555555555554,249
2021-01-07,1109,SANTANDER AEROPUERTO,CANTABRIA,0.2,-3.8255555555555554,43.42388888888889,3
2021-01-07,6293X,ROQUETAS DE MAR,ALMERIA,7.8,-2.7016666666666667,36.68694444444444,3
2021-01-07,1212E,ASTURIAS AEROPUERTO,ASTURIAS,0.4,-6.0441666666666665,43.566944444444445,127
2021-01-07,9394X,CALATAYUD,ZARAGOZA,-4.2,-1.6452777777777778,41.33111111111111,582
2021-01-07,3094B,TARANCÓN,CUENCA,-1.6,-3.0213888888888887,40.01138888888889,808
2021-01-07,1059X,PUNTA GALEA,BIZKAIA,1.5,-3.0216666666666665,43.375,90
2021-01-07,1207U,"GIJÓN, CAMPUS",ASTURIAS,-2.7,-5.621111111111111,43.52305555555555,26
2021-01-07,6367B,HUÉRCAL-OVERA,ALMERIA,3.2,-1.9436111111111112,37.39055555555556,300
2021-01-07,7228,"ALCANTARILLA, BASE AÉREA",MURCIA,3.8,-1.2286111111111113,37.95777777777778,75
2021-01-07,7002Y,ÁGUILAS,MURCIA,7.4,-1.5869444444444445,37.41722222222222,26
2021-01-07,3191E,COLMENAR VIEJO,MADRID,-2,-3.765,40.69611111111111,1004
2021-01-07,0016A,REUS AEROPUERTO,TARRAGONA,-0.1,1.163611111111111,41.144999999999996,71
2021-01-07,8058X,OLIVA,VALENCIA,5.6,-0.09583333333333333,38.928888888888885,5
2021-01-07,0367,GIRONA AEROPUERTO,GIRONA,0.5,2.763333333333333,41.91166666666666,143
2021-01-07,7247X,PINOSO,ALICANTE,2,-1.0380555555555557,38.39972222222222,575
2021-01-07,3200,GETAFE,MADRID,-0.6,-3.7222222222222223,40.29944444444444,620
2021-01-07,4103X,TOMELLOSO,CIUDAD REAL,0,-3.0075,39.16916666666666,662
2021-01-07,3175,TORREJÓN DE ARDOZ,MADRID,-5.2,-3.443611111111111,40.48861111111111,607
2021-01-07,3129,MADRID AEROPUERTO,MADRID,-4.4,-3.5555555555555554,40.46666666666667,609
2021-01-07,4067,MADRIDEJOS,TOLEDO,-1.4,-3.5283333333333333,39.49194444444444,690
2021-01-07,1014A,SAN SEBASTIÁN AEROPUERTO,GIPUZKOA,-2.6,-1.7922222222222222,43.356944444444444,4
2021-01-07,7031X,SAN JAVIER AEROPUERTO,MURCIA,6.2,-0.8058333333333334,37.77833333333333,4
2021-01-07,7209,LORCA,MURCIA,2.8,-1.6872222222222222,37.65472222222222,312
2021-01-07,3519X,PLASENCIA,CACERES,0,-6.085833333333333,40.043055555555554,415
2021-01-07,2755X,BENAVENTE,ZAMORA,-5.6,-5.666666666666667,42.01083333333333,715
2021-01-07,8175,ALBACETE BASE AÉREA,ALBACETE,-0.2,-1.856388888888889,38.95416666666667,702
2021-01-07,9244X,SOS DEL REY CATÓLICO,ZARAGOZA,-7.1,-1.213611111111111,42.490833333333335,626
2021-01-07,6277B,ADRA,ALMERIA,8.5,-3.0205555555555557,36.74722222222222,8
2021-01-07,9170,"LOGROÑO, AEROPUERTO",LA RIOJA,-3.4,-2.331111111111111,42.452222222222225,353
2021-01-07,9111,BELORADO,BURGOS,,-3.1702777777777778,42.42111111111111,820
2021-01-07,7031,SAN JAVIER AEROPUERTO,MURCIA,5.5,-0.8033333333333333,37.788888888888884,4
2021-01-07,5181D,ARROYO DEL OJANCO,JAEN,3.2,-2.8897222222222223,38.31472222222222,580
2021-01-07,B691Y,SA POBLA,ILLES BALEARS,2.4,3.0166666666666666,39.74916666666667,40
2021-01-07,1159,SAN VICENTE DE LA BARQUERA,CANTABRIA,0.3,-4.392222222222222,43.39333333333333,38
2021-01-07,3260B,TOLEDO,TOLEDO,-0.7,-4.045277777777778,39.88472222222222,515
2021-01-07,3194U,"MADRID, CIUDAD UNIVERSITARIA",MADRID,-2.7,-3.7241666666666666,40.45166666666667,664
2021-01-07,1283U,CABO BUSTO,ASTURIAS,1.5,-6.47,43.56916666666667,60
2021-01-07,1083L,CASTRO URDIALES,CANTABRIA,1.8,-3.233888888888889,43.39472222222222,45
2021-01-07,2117D,ARANDA DE DUERO,BURGOS,-8.4,-3.742777777777778,41.66583333333333,790
2021-01-07,5514,GRANADA BASE AÉREA,GRANADA,2.6,-3.631388888888889,37.13722222222222,687
2021-01-07,B248,"SIERRA DE ALFABIA, BUNYOLA",ILLES BALEARS,-0.7,2.7130555555555556,39.735,1030
2021-01-07,5860E,"MOGUER, EL ARENOSILLO",HUELVA,6.8,-6.7380555555555555,37.09805555555556,41
2021-01-07,2465,SEGOVIA,SEGOVIA,-5.8,-4.126388888888888,40.945277777777775,1005
2021-01-07,B228,"PALMA, PUERTO",ILLES BALEARS,6.4,2.625277777777778,39.555277777777775,3
2021-01-07,B013X,"ESCORCA, LLUC",ILLES BALEARS,-0.1,2.8858333333333333,39.82333333333334,490
2021-01-07,4090Y,SAN CLEMENTE,CUENCA,0,-2.4205555555555556,39.416666666666664,728
2021-01-07,0324A,RIPOLL,GIRONA,-6.1,2.196111111111111,42.19138888888889,675
2021-01-07,5995B,VEJER DE LA FRONTERA,CADIZ,8.2,-5.965,36.245555555555555,186
2021-01-07,1473A,PADRÓN,A CORUÑA,-1.1,-8.627222222222223,42.73833333333334,100
2021-01-07,1024E,"DONOSTIA/SAN SEBASTIÁN, IGUELDO",GIPUZKOA,0.1,-2.041111111111111,43.30638888888888,251
2021-01-07,9619,LA SEU D'URGELL,LLEIDA,-8.8,1.4630555555555556,42.35472222222222,677
2021-01-07,5427X,DOÑA MENCÍA,CORDOBA,4.4,-4.353888888888888,37.55611111111111,650
2021-01-07,1082,BILBAO AEROPUERTO,BIZKAIA,-1.6,-2.906388888888889,43.29805555555556,42
2021-01-07,B569X,CAPDEPERA,ILLES BALEARS,7.9,3.4780555555555557,39.71666666666667,57
2021-01-07,7145D,CIEZA,MURCIA,2.6,-1.3805555555555555,38.23277777777778,265
2021-01-07,5402,CÓRDOBA AEROPUERTO,CORDOBA,5.7,-4.846666666666667,37.848888888888894,90
2021-01-07,1387E,A CORUÑA AEROPUERTO,A CORUÑA,-2.4,-8.371944444444445,43.30694444444444,98
2021-01-07,5641X,ÉCIJA,SEVILLA,6.9,-5.085,37.51611111111111,130
2021-01-07,4148,VISO DEL MARQUÉS,CIUDAD REAL,0,-3.5666666666666664,38.518055555555556,804
2021-01-07,1002Y,"BAZTAN, IRURITA",NAVARRA,-4.7,-1.5430555555555554,43.13583333333333,183
2021-01-07,6058I,ESTEPONA,MALAGA,9,-5.155,36.41694444444444,19
2021-01-07,9898,"HUESCA, AEROPUERTO",HUESCA,-5,-0.32555555555555554,42.08444444444444,546
2021-01-07,9569A,CALANDA,TERUEL,-1.8,-0.23777777777777778,40.946666666666665,466
2021-01-07,1505,LUGO AEROPUERTO,LUGO,-4.9,-7.4575000000000005,43.11138888888889,445
2021-01-07,2661,"LEÓN, VIRGEN DEL CAMINO",LEON,-7,-5.651111111111112,42.58833333333334,912
2021-01-07,7096B,HELLÍN,ALBACETE,-0.1,-1.7030555555555555,38.54194444444444,646
2021-01-07,5960,JEREZ DE LA FRONTERA AEROPUERTO,CADIZ,6.9,-6.055833333333333,36.75055555555556,27
2021-01-07,9434P,"ZARAGOZA, VALDESPARTERA",ZARAGOZA,-3.1,-0.935,41.62083333333334,254
2021-01-07,8019,ALICANTE-ELCHE AEROPUERTO,ALICANTE,6,-0.5708333333333333,38.282777777777774,43
2021-01-07,8500A,CASTELLÓN - ALMASSORA,CASTELLON,4.8,-0.07194444444444445,39.95722222222223,43
2021-01-07,5796,MORÓN DE LA FRONTERA,SEVILLA,6.9,-5.6113888888888885,37.16444444444444,87
2021-01-07,5047E,BAZA,GRANADA,0.4,-2.735,37.505833333333335,785
2021-01-07,5972X,SAN FERNANDO,CADIZ,7.8,-6.205555555555556,36.46555555555556,28
2021-01-07,1475X,SANTIAGO DE COMPOSTELA,A CORUÑA,-0.7,-8.555833333333334,42.876111111111115,240
2021-01-07,0076,BARCELONA AEROPUERTO,BARCELONA,2.7,2.0700000000000003,41.29277777777778,4
2021-01-07,4061X,QUINTANAR DE LA ORDEN,TOLEDO,1,-3.0469444444444442,39.597500000000004,691
2021-01-07,3110C,BUITRAGO DEL LOZOYA,MADRID,-8.4,-3.613611111111111,41.00694444444444,1030
2021-01-07,9990X,"NAUT ARAN, ARTIES",LLEIDA,-12,0.8769444444444445,42.70027777777778,1161
2021-01-07,8325X,POLINYÀ DE XÚQUER,VALENCIA,4.5,-0.3719444444444444,39.18472222222222,12
2021-01-07,2867,SALAMANCA AEROPUERTO,SALAMANCA,-5.1,-5.498333333333333,40.95944444444445,790
2021-01-07,B346X,PORRERES,ILLES BALEARS,4.6,3.0191666666666666,39.52166666666667,120
2021-01-07,2235U,CERVERA DE PISUERGA,PALENCIA,-8.9,-4.52,42.870555555555555,1140
2021-01-07,1221D,PAJARES-VALGRANDE,ASTURIAS,-10.6,-5.776388888888889,42.978611111111114,1480
2021-01-07,2775X,VILLARDECIERVOS,ZAMORA,-10.7,-6.279722222222222,41.94138888888889,850
2021-01-07,9981A,ESTACIÓN DE TORTOSA (ROQUETES),TARRAGONA,2.5,0.49333333333333335,40.82027777777778,50
2021-01-07,3434X,NAVALMORAL DE LA MATA,CACERES,-1.4,-5.5825,39.94583333333333,269
2021-01-07,1041A,ZUMAIA,GIPUZKOA,-0.2,-2.2511111111111113,43.30222222222222,28
2021-01-07,4267X,HINOJOSA DEL DUQUE,CORDOBA,2.2,-5.1211111111111105,38.49861111111111,551
2021-01-07,9294E,"BARDENAS REALES, BASE AÉREA",NAVARRA,-5.5,-1.475277777777778,42.198611111111106,295
2021-01-07,4386B,LLERENA,BADAJOZ,1.5,-6.016944444444444,38.23166666666667,655
2021-01-07,4452,BADAJOZ AEROPUERTO,BADAJOZ,2.5,-6.813888888888889,38.88333333333333,185
2021-01-07,3391,SOTILLO DE LA ADRADA,AVILA,0,-4.590833333333333,40.28861111111111,630
2021-01-07,5390Y,VILLANUEVA DE CÓRDOBA,CORDOBA,1,-4.608888888888888,38.33305555555556,750
2021-01-07,9263X,"ARANGUREN, ILUNDAIN",NAVARRA,-4.6,-1.5325,42.77611111111111,572
2021-01-07,3111D,SOMOSIERRA,MADRID,-9.7,-3.5802777777777774,41.135555555555555,1450
2021-01-07,3013,MOLINA DE ARAGÓN,GUADALAJARA,-5.9,-1.8788888888888888,40.84166666666667,1062
2021-01-07,8293X,XÀTIVA,VALENCIA,4.2,-0.5236111111111111,39.001666666666665,88
2021-01-07,0372C,PORQUERES,GIRONA,,2.763611111111111,42.10444444444445,157
2021-01-07,5704B,CAZALLA DE LA SIERRA,SEVILLA,2.6,-5.769722222222222,37.92638888888889,550
2021-01-07,8414A,VALENCIA AEROPUERTO,VALENCIA,4.4,-0.4747222222222222,39.485,56
2021-01-07,1735X,XINZO DE LIMIA,OURENSE,-7.2,-7.733611111111111,42.07916666666667,616
2021-01-07,5270B,JAÉN,JAEN,3.4,-3.8088888888888888,37.777499999999996,580
2021-01-07,9563X,CASTELLFORT,CASTELLON,-4,-0.18666666666666665,40.49861111111111,1220
2021-01-07,1700X,O CARBALLIÑO,OURENSE,-2.9,-8.092500000000001,42.421388888888885,400
2021-01-07,3526X,CORIA,CACERES,-0.3,-6.5575,40.00361111111111,313
2021-01-07,1387,A CORUÑA,A CORUÑA,2.9,-8.421388888888888,43.365833333333335,58
2021-01-07,9381I,CALAMOCHA,TERUEL,-4.7,-1.2933333333333332,40.92611111111111,890
2021-01-07,4121,CIUDAD REAL,CIUDAD REAL,0.3,-3.9202777777777778,38.98916666666667,628
2021-01-07,8177A,CHINCHILLA,ALBACETE,-1.4,-1.66,38.93583333333333,880
2021-01-07,1183X,LLANES,ASTURIAS,1.6,-4.748055555555555,43.42027777777778,10
2021-01-07,8368U,TERUEL,TERUEL,-2,-1.1241666666666668,40.35055555555556,900
2021-01-07,8178D,ALBACETE,ALBACETE,0.1,-1.8622222222222222,39.00555555555555,676
2021-01-07,8416Y,"VALÈNCIA, VIVEROS",VALENCIA,5.1,-0.3663888888888889,39.480555555555554,11
2021-01-07,5783,SEVILLA AEROPUERTO,SEVILLA,6.8,-5.879166666666667,37.416666666666664,34
2021-01-07,6205X,TORROX,MALAGA,,-3.957222222222222,36.72638888888889,3
2021-01-07,1400,FISTERRA,A CORUÑA,3.6,-9.29138888888889,42.92472222222222,230
2021-01-07,6156X,"MÁLAGA, CENTRO METEOROLÓGICO",MALAGA,8.5,-4.4816666666666665,36.717777777777776,54
2021-01-07,5530E,GRANADA AEROPUERTO,GRANADA,3.7,-3.7894444444444444,37.189722222222215,567
2021-01-07,6084X,FUENGIROLA,MALAGA,10.2,-4.618333333333334,36.53861111111111,8
2021-01-07,1078I,GÜEÑES,BIZKAIA,-1.5,-3.104722222222222,43.20333333333333,208
2021-01-07,9208E,ARAGÜÉS DEL PUERTO,HUESCA,-7.8,-0.6730555555555555,42.70888888888889,1040
2021-01-07,0200E,"BARCELONA, FABRA",BARCELONA,1.8,2.1241666666666665,41.41833333333333,408
2021-01-07,9019B,"VALDERREDIBLE, POLIENTES",CANTABRIA,-6.8,-3.933888888888889,42.80638888888888,720
2021-01-07,2946X,SAELICES EL CHICO,SALAMANCA,-3.5,-6.6,40.635,680
2021-01-07,1549,PONFERRADA,LEON,-5.4,-6.6,42.56388888888888,534
2021-01-07,3100B,ARANJUEZ,MADRID,-1.8,-3.546111111111111,40.06722222222223,540
2021-01-07,4147X,VALDEPEÑAS,CIUDAD REAL,0.5,-3.391388888888889,38.75055555555556,700
2021-01-07,2400E,AUTILLA DEL PINO,PALENCIA,-7.6,-4.602777777777778,41.995555555555555,874
2021-01-07,5000C,CEUTA,CEUTA,11.3,-5.3469444444444445,35.88861111111111,87
2021-01-07,9051,MEDINA DE POMAR,BURGOS,-4.7,-3.4827777777777778,42.919999999999995,580
2021-01-07,7275C,YECLA,MURCIA,0.4,-1.159722222222222,38.60166666666667,640
2021-01-07,2298,PALACIOS DE LA SIERRA,BURGOS,-11.5,-3.131666666666667,41.959722222222226,1080
2021-01-07,3168D,GUADALAJARA,GUADALAJARA,-2.2,-3.15,40.63027777777778,721
2021-01-07,9585,LA MOLINA,GIRONA,-9.8,1.9394444444444445,42.3325,1703
2021-01-07,2462,PUERTO DE NAVACERRADA,MADRID,-9.4,-4.010555555555555,40.793055555555554,1894
2021-01-07,2630X,PUERTO DE SAN ISIDRO,LEON,-13.7,-5.376944444444444,43.06222222222222,1510
2021-01-07,B278,"PALMA DE MALLORCA, AEROPUERTO",ILLES BALEARS,3.9,2.736666666666667,39.56083333333333,8
2021-01-07,3298X,SAN PABLO DE LOS MONTES,TOLEDO,-1.7,-4.350555555555555,39.54694444444444,917
2021-01-07,4244X,HERRERA DEL DUQUE,BADAJOZ,1.2,-5.062222222222222,39.169444444444444,447
2021-01-07,2539,VALLADOLID AEROPUERTO,VALLADOLID,-6.2,-4.855555555555555,41.71194444444445,846
2021-01-07,7178I,MURCIA,MURCIA,4.7,-1.1708333333333334,38.00194444444445,61
2021-01-07,2444,ÁVILA,AVILA,-6.8,-4.680000000000001,40.659166666666664,1130
2021-01-07,6302A,ABLA,ALMERIA,1.1,-2.78,37.14138888888889,869
2021-01-07,3196,"MADRID, CUATRO VIENTOS",MADRID,-0.4,-3.786111111111111,40.37555555555556,690
2021-01-07,2030,SORIA,SORIA,-8.1,-2.4830555555555556,41.775,1082
2021-01-07,4560Y,ALAJAR,HUELVA,4.2,-6.675000000000001,37.868611111111115,572
2021-01-07,1050J,ELGOIBAR,GIPUZKOA,-1.9,-2.413333333333333,43.20944444444445,119
2021-01-07,0149X,MANRESA,BARCELONA,-3.3,1.840277777777778,41.72,291
2021-01-07,8309X,UTIEL,VALENCIA,0,-1.2447222222222223,39.57555555555556,758
2021-01-07,1393,CABO VILÁN,A CORUÑA,4.2,-9.210833333333333,43.160555555555554,50
2021-01-07,1495,VIGO AEROPUERTO,PONTEVEDRA,-2,-8.623888888888889,42.23861111111111,261
2021-01-07,1249X,OVIEDO,ASTURIAS,-1.5,-5.874166666666667,43.35333333333333,336
2021-01-07,5582A,LOJA,GRANADA,,-4.152777777777779,37.16111111111111,760
2021-01-07,6155A,MÁLAGA AEROPUERTO,MALAGA,8.3,-4.482222222222222,36.66611111111111,5
2021-01-07,3576X,VALENCIA DE ALCÁNTARA,CACERES,0,-7.231111111111111,39.414722222222224,444
2021-01-07,2870,SALAMANCA,SALAMANCA,-3.3,-5.662222222222223,40.9575,775
2021-01-07,9201K,JACA,HUESCA,-9.1,-0.5469444444444445,42.57888888888889,823
2021-01-07,1351,ESTACA DE BARES,A CORUÑA,4.5,-7.684722222222223,43.78611111111111,80
2021-01-07,3266A,PUERTO ALTO DEL LEÓN,MADRID,-7.4,-4.141944444444444,40.70638888888889,1532
2021-01-07,1631E,A POBRA DE TRIVES,OURENSE,-7.7,-7.2825,42.339444444444446,840
2021-01-07,7012C,CARTAGENA,MURCIA,6.3,-0.9877777777777778,37.60111111111111,17
2021-01-07,1057B,MACHICHACO,BIZKAIA,3.7,-2.7527777777777778,43.45388888888889,93
2021-01-07,3338,ROBLEDO DE CHAVELA,MADRID,-3.2,-4.25,40.42777777777778,763
2021-01-07,2374X,CARRIÓN DE LOS CONDES,PALENCIA,-5.2,-4.617222222222223,42.350833333333334,830
2021-01-07,1484C,PONTEVEDRA,PONTEVEDRA,-0.8,-8.615833333333333,42.43833333333333,108
2021-01-07,0252D,ARENYS DE MAR,BARCELONA,3.2,2.54,41.587500000000006,74
2021-01-07,5911A,GRAZALEMA,CADIZ,3.2,-5.3741666666666665,36.760555555555555,913
2021-01-07,1428,SANTIAGO DE COMPOSTELA AEROPUERTO,A CORUÑA,-3.3,-8.410555555555556,42.88805555555555,370
2021-01-07,0201D,BARCELONA,BARCELONA,4.1,2.2,41.39055555555556,6
2021-01-07,9091O,FORONDA-TXOKIZA,ARABA/ALAVA,-5.9,-2.735,42.88194444444444,513
2021-01-07,3365A,TALAVERA DE LA REINA,TOLEDO,-1.3,-4.863611111111111,39.95861111111111,372
2021-01-07,5298X,ANDÚJAR,JAEN,4.3,-4.0633333333333335,38.02305555555555,202
2021-01-07,6000A,MELILLA,MELILLA,11.3,-2.956388888888889,35.27638888888889,52
2021-01-07,5973,CÁDIZ,CADIZ,8.4,-6.257777777777778,36.499722222222225,2
2021-01-07,2916A,VITIGUDINO,SALAMANCA,-5.2,-6.437777777777778,41.01138888888889,769
2021-01-07,2150H,"LA PINILLA, ESTACIÓN DE ESQUÍ",SEGOVIA,-10.2,-3.475277777777778,41.19194444444444,1798
2021-01-07,9771C,LLEIDA,LLEIDA,-4.1,0.5980555555555556,41.626111111111115,185
2021-01-07,9390,DAROCA,ZARAGOZA,-4.1,-1.41,41.114444444444445,779
2021-01-07,2614,ZAMORA,ZAMORA,-5.5,-5.735277777777778,41.51555555555556,656
2021-01-07,1208H,"GIJÓN, PUERTO",ASTURIAS,2.1,-5.700833333333334,43.559999999999995,5
2021-01-07,1037Y,ZUMARRAGA,GIPUZKOA,-5.7,-2.3175,43.080000000000005,420
2021-01-07,4511C,JEREZ DE LOS CABALLEROS,BADAJOZ,4.1,-6.765,38.29861111111111,381
2021-01-07,9001D,REINOSA,CANTABRIA,-17.5,-4.160555555555556,42.99194444444444,870
2021-01-07,8096,CUENCA,CUENCA,-0.5,-2.1319444444444446,40.06722222222223,948
2021-01-07,6325O,ALMERÍA AEROPUERTO,ALMERIA,7.1,-2.3569444444444447,36.84638888888889,21
2021-01-07,1542,PUERTO DE LEITARIEGOS,ASTURIAS,-12.6,-6.4141666666666675,42.994166666666665,1530
2021-01-07,1111X,SANTANDER,CANTABRIA,2.5,-3.8005555555555555,43.49111111111111,52
2021-01-07,4642E,"HUELVA, RONDA ESTE",HUELVA,7.4,-6.911666666666667,37.27833333333333,19
2021-01-07,2422,VALLADOLID,VALLADOLID,-4.5,-4.754444444444444,41.64083333333333,735
2021-01-07,5910,"ROTA, BASE NAVAL",CADIZ,7.2,-6.3325,36.638888888888886,21
2021-01-07,9091R,VITORIA GASTEIZ AEROPUERTO,ARABA/ALAVA,-6.2,-2.7327777777777778,42.871944444444445,513
2021-01-07,4549Y,AYAMONTE,HUELVA,8,-7.3950000000000005,37.19472222222222,2
2021-01-07,3130C,SIGÜENZA,GUADALAJARA,-8.6,-2.618055555555556,41.08638888888889,1005
2021-01-07,2737E,LAGUNAS DE SOMOZA,LEON,-9.3,-6.196666666666667,42.3775,1020
2021-01-07,1210X,CABO PEÑAS,ASTURIAS,2,-5.8486111111111105,43.655833333333334,100
2021-01-07,B954,"IBIZA, AEROPUERTO",ILLES BALEARS,6.9,1.3844444444444444,38.87638888888889,6
2021-01-07,3469A,CÁCERES,CACERES,0.4,-6.338888888888889,39.47138888888889,394
2021-01-07,8050X,JÁVEA/ XÀBIA,ALICANTE,6.6,0.16777777777777778,38.78361111111111,15
2021-01-07,9262,PAMPLONA,NAVARRA,-4.6,-1.6383333333333332,42.81777777777778,450
2021-01-07,6001,TARIFA,CADIZ,10.1,-5.598888888888888,36.013888888888886,32
2021-01-07,9263D,"PAMPLONA, AEROPUERTO",NAVARRA,-6.4,-1.65,42.776944444444446,459
2021-01-07,3044X,CAÑIZARES,CUENCA,-3.5,-2.15,40.530277777777776,928
2021-01-07,3195,"MADRID, RETIRO",MADRID,-0.6,-3.6780555555555554,40.411944444444444,667
2021-01-07,B893,"MENORCA, AEROPUERTO",ILLES BALEARS,5.1,4.2155555555555555,39.85472222222222,91
2021-01-07,9573X,ALCAÑIZ,TERUEL,-3.5,-0.14166666666666666,41.058055555555555,334
2021-01-07,7119B,CARAVACA DE LA CRUZ,MURCIA,0.4,-1.8772222222222223,38.1025,643
2021-01-07,0255B,SANTA SUSANNA,BARCELONA,1.9,2.6969444444444446,41.65083333333333,40
2021-01-07,5612B,LA RODA DE ANDALUCÍA,SEVILLA,4.9,-4.77,37.19444444444444,410
2021-01-08,4358X,DON BENITO,BADAJOZ,2.9,-5.880555555555556,38.955555555555556,273
2021-01-08,4220X,PUEBLA DE DON RODRIGO,CIUDAD REAL,0.9,-4.616388888888888,39.08861111111111,486
2021-01-08,6106X,ANTEQUERA,MALAGA,5.8,-4.748333333333333,37.029444444444444,408
2021-01-08,9698U,TALARN,LLEIDA,-6.4,0.8652777777777777,42.20527777777778,807
2021-01-08,4410X,MÉRIDA,BADAJOZ,2.5,-6.385555555555556,38.91583333333333,228
2021-01-08,1331A,CASTROPOL,ASTURIAS,-1.7,-7.0313888888888885,43.52472222222222,40
2021-01-08,1690A,OURENSE,OURENSE,-1.4,-7.859722222222222,42.32527777777778,143
2021-01-08,8489X,VILLAFRANCA DEL CID/VILLAFRANCA,CASTELLON,-4.6,-0.25583333333333336,40.43333333333333,1131
2021-01-08,8025,ALICANTE/ALACANT,ALICANTE,6.3,-0.49416666666666664,38.3725,81
2021-01-08,9784P,BIELSA,HUESCA,,0.22472222222222224,42.63,992
2021-01-08,2331,BURGOS AEROPUERTO,BURGOS,-5.9,-3.620277777777778,42.356944444444444,891
2021-01-08,9434,"ZARAGOZA, AEROPUERTO",ZARAGOZA,-2.9,-1.0041666666666667,41.660555555555554,249
2021-01-08,1109,SANTANDER AEROPUERTO,CANTABRIA,-0.6,-3.8255555555555554,43.42388888888889,3
2021-01-08,6293X,ROQUETAS DE MAR,ALMERIA,9,-2.7016666666666667,36.68694444444444,3
2021-01-08,1212E,ASTURIAS AEROPUERTO,ASTURIAS,-0.6,-6.0441666666666665,43.566944444444445,127
2021-01-08,9394X,CALATAYUD,ZARAGOZA,-5.5,-1.6452777777777778,41.33111111111111,582
2021-01-08,3094B,TARANCÓN,CUENCA,-2.2,-3.0213888888888887,40.01138888888889,808
2021-01-08,1059X,PUNTA GALEA,BIZKAIA,2.1,-3.0216666666666665,43.375,90
2021-01-08,1207U,"GIJÓN, CAMPUS",ASTURIAS,-2.6,-5.621111111111111,43.52305555555555,26
2021-01-08,6367B,HUÉRCAL-OVERA,ALMERIA,4.3,-1.9436111111111112,37.39055555555556,300
2021-01-08,7228,"ALCANTARILLA, BASE AÉREA",MURCIA,3.4,-1.2286111111111113,37.95777777777778,75
2021-01-08,7002Y,ÁGUILAS,MURCIA,6.9,-1.5869444444444445,37.41722222222222,26
2021-01-08,3191E,COLMENAR VIEJO,MADRID,-2.9,-3.765,40.69611111111111,1004
2021-01-08,0016A,REUS AEROPUERTO,TARRAGONA,-3,1.163611111111111,41.144999999999996,71
2021-01-08,8058X,OLIVA,VALENCIA,5.2,-0.09583333333333333,38.928888888888885,5
2021-01-08,0367,GIRONA AEROPUERTO,GIRONA,-3.7,2.763333333333333,41.91166666666666,143
2021-01-08,7247X,PINOSO,ALICANTE,1,-1.0380555555555557,38.39972222222222,575
2021-01-08,3200,GETAFE,MADRID,-1.6,-3.7222222222222223,40.29944444444444,620
2021-01-08,3175,TORREJÓN DE ARDOZ,MADRID,-5.6,-3.443611111111111,40.48861111111111,607
2021-01-08,3129,MADRID AEROPUERTO,MADRID,-4.3,-3.5555555555555554,40.46666666666667,609
2021-01-08,4067,MADRIDEJOS,TOLEDO,,-3.5283333333333333,39.49194444444444,690
2021-01-08,1014A,SAN SEBASTIÁN AEROPUERTO,GIPUZKOA,-3,-1.7922222222222222,43.356944444444444,4
2021-01-08,7031X,SAN JAVIER AEROPUERTO,MURCIA,6.2,-0.8058333333333334,37.77833333333333,4
2021-01-08,7209,LORCA,MURCIA,3.2,-1.6872222222222222,37.65472222222222,312
2021-01-08,3519X,PLASENCIA,CACERES,-1.1,-6.085833333333333,40.043055555555554,415
2021-01-08,2755X,BENAVENTE,ZAMORA,-5.7,-5.666666666666667,42.01083333333333,715
2021-01-08,8175,ALBACETE BASE AÉREA,ALBACETE,-0.2,-1.856388888888889,38.95416666666667,702
2021-01-08,9244X,SOS DEL REY CATÓLICO,ZARAGOZA,-8.8,-1.213611111111111,42.490833333333335,626
2021-01-08,6277B,ADRA,ALMERIA,9.3,-3.0205555555555557,36.74722222222222,8
2021-01-08,9170,"LOGROÑO, AEROPUERTO",LA RIOJA,-2.1,-2.331111111111111,42.452222222222225,353
2021-01-08,9111,BELORADO,BURGOS,,-3.1702777777777778,42.42111111111111,820
2021-01-08,7031,SAN JAVIER AEROPUERTO,MURCIA,5.5,-0.8033333333333333,37.788888888888884,4
2021-01-08,5181D,ARROYO DEL OJANCO,JAEN,3,-2.8897222222222223,38.31472222222222,580
2021-01-08,B691Y,SA POBLA,ILLES BALEARS,6.6,3.0166666666666666,39.74916666666667,40
2021-01-08,1159,SAN VICENTE DE LA BARQUERA,CANTABRIA,0.1,-4.392222222222222,43.39333333333333,38
2021-01-08,3260B,TOLEDO,TOLEDO,-1.1,-4.045277777777778,39.88472222222222,515
2021-01-08,3194U,"MADRID, CIUDAD UNIVERSITARIA",MADRID,-3,-3.7241666666666666,40.45166666666667,664
2021-01-08,1283U,CABO BUSTO,ASTURIAS,0.8,-6.47,43.56916666666667,60
2021-01-08,1083L,CASTRO URDIALES,CANTABRIA,2.2,-3.233888888888889,43.39472222222222,45
2021-01-08,2117D,ARANDA DE DUERO,BURGOS,-10.2,-3.742777777777778,41.66583333333333,790
2021-01-08,5514,GRANADA BASE AÉREA,GRANADA,3.5,-3.631388888888889,37.13722222222222,687
2021-01-08,B248,"SIERRA DE ALFABIA, BUNYOLA",ILLES BALEARS,-0.2,2.7130555555555556,39.735,1030
2021-01-08,5860E,"MOGUER, EL ARENOSILLO",HUELVA,5.4,-6.7380555555555555,37.09805555555556,41
2021-01-08,2465,SEGOVIA,SEGOVIA,-7.4,-4.126388888888888,40.945277777777775,1005
2021-01-08,B228,"PALMA, PUERTO",ILLES BALEARS,6.7,2.625277777777778,39.555277777777775,3
2021-01-08,B013X,"ESCORCA, LLUC",ILLES BALEARS,3.1,2.8858333333333333,39.82333333333334,490
2021-01-08,4090Y,SAN CLEMENTE,CUENCA,-0.1,-2.4205555555555556,39.416666666666664,728
2021-01-08,0324A,RIPOLL,GIRONA,-7.2,2.196111111111111,42.19138888888889,675
2021-01-08,5995B,VEJER DE LA FRONTERA,CADIZ,9,-5.965,36.245555555555555,186
2021-01-08,1473A,PADRÓN,A CORUÑA,-1.5,-8.627222222222223,42.73833333333334,100
2021-01-08,1024E,"DONOSTIA/SAN SEBASTIÁN, IGUELDO",GIPUZKOA,0,-2.041111111111111,43.30638888888888,251
2021-01-08,9619,LA SEU D'URGELL,LLEIDA,-10.4,1.4630555555555556,42.35472222222222,677
2021-01-08,5427X,DOÑA MENCÍA,CORDOBA,4.2,-4.353888888888888,37.55611111111111,650
2021-01-08,1082,BILBAO AEROPUERTO,BIZKAIA,-0.3,-2.906388888888889,43.29805555555556,42
2021-01-08,B569X,CAPDEPERA,ILLES BALEARS,6.9,3.4780555555555557,39.71666666666667,57
2021-01-08,7145D,CIEZA,MURCIA,1.6,-1.3805555555555555,38.23277777777778,265
2021-01-08,5402,CÓRDOBA AEROPUERTO,CORDOBA,5.5,-4.846666666666667,37.848888888888894,90
2021-01-08,1387E,A CORUÑA AEROPUERTO,A CORUÑA,-3.2,-8.371944444444445,43.30694444444444,98
2021-01-08,5641X,ÉCIJA,SEVILLA,6.8,-5.085,37.51611111111111,130
2021-01-08,4148,VISO DEL MARQUÉS,CIUDAD REAL,-0.1,-3.5666666666666664,38.518055555555556,804
2021-01-08,1002Y,"BAZTAN, IRURITA",NAVARRA,-4.6,-1.5430555555555554,43.13583333333333,183
2021-01-08,6058I,ESTEPONA,MALAGA,10.2,-5.155,36.41694444444444,19
2021-01-08,9898,"HUESCA, AEROPUERTO",HUESCA,-6.7,-0.32555555555555554,42.08444444444444,546
2021-01-08,9569A,CALANDA,TERUEL,-3.4,-0.23777777777777778,40.946666666666665,466
2021-01-08,1505,LUGO AEROPUERTO,LUGO,-4.1,-7.4575000000000005,43.11138888888889,445
2021-01-08,2661,"LEÓN, VIRGEN DEL CAMINO",LEON,-8.1,-5.651111111111112,42.58833333333334,912
2021-01-08,7096B,HELLÍN,ALBACETE,-0.1,-1.7030555555555555,38.54194444444444,646
2021-01-08,5960,JEREZ DE LA FRONTERA AEROPUERTO,CADIZ,6.8,-6.055833333333333,36.75055555555556,27
2021-01-08,9434P,"ZARAGOZA, VALDESPARTERA",ZARAGOZA,-1.6,-0.935,41.62083333333334,254
2021-01-08,8019,ALICANTE-ELCHE AEROPUERTO,ALICANTE,6.3,-0.5708333333333333,38.282777777777774,43
2021-01-08,8500A,CASTELLÓN - ALMASSORA,CASTELLON,4.2,-0.07194444444444445,39.95722222222223,43
2021-01-08,5796,MORÓN DE LA FRONTERA,SEVILLA,6.8,-5.6113888888888885,37.16444444444444,87
2021-01-08,5047E,BAZA,GRANADA,1,-2.735,37.505833333333335,785
2021-01-08,5972X,SAN FERNANDO,CADIZ,8.1,-6.205555555555556,36.46555555555556,28
2021-01-08,1475X,SANTIAGO DE COMPOSTELA,A CORUÑA,-0.3,-8.555833333333334,42.876111111111115,240
2021-01-08,0076,BARCELONA AEROPUERTO,BARCELONA,1.2,2.0700000000000003,41.29277777777778,4
2021-01-08,4061X,QUINTANAR DE LA ORDEN,TOLEDO,1.3,-3.0469444444444442,39.597500000000004,691
2021-01-08,3110C,BUITRAGO DEL LOZOYA,MADRID,-9.3,-3.613611111111111,41.00694444444444,1030
2021-01-08,9990X,"NAUT ARAN, ARTIES",LLEIDA,-12.7,0.8769444444444445,42.70027777777778,1161
2021-01-08,8325X,POLINYÀ DE XÚQUER,VALENCIA,4.6,-0.3719444444444444,39.18472222222222,12
2021-01-08,2867,SALAMANCA AEROPUERTO,SALAMANCA,-6.4,-5.498333333333333,40.95944444444445,790
2021-01-08,B346X,PORRERES,ILLES BALEARS,5.8,3.0191666666666666,39.52166666666667,120
2021-01-08,2235U,CERVERA DE PISUERGA,PALENCIA,-6.6,-4.52,42.870555555555555,1140
2021-01-08,1221D,PAJARES-VALGRANDE,ASTURIAS,-8.2,-5.776388888888889,42.978611111111114,1480
2021-01-08,2775X,VILLARDECIERVOS,ZAMORA,-8.9,-6.279722222222222,41.94138888888889,850
2021-01-08,9981A,ESTACIÓN DE TORTOSA (ROQUETES),TARRAGONA,1.2,0.49333333333333335,40.82027777777778,50
2021-01-08,3434X,NAVALMORAL DE LA MATA,CACERES,-2,-5.5825,39.94583333333333,269
2021-01-08,1041A,ZUMAIA,GIPUZKOA,-1.3,-2.2511111111111113,43.30222222222222,28
2021-01-08,4267X,HINOJOSA DEL DUQUE,CORDOBA,2.2,-5.1211111111111105,38.49861111111111,551
2021-01-08,9294E,"BARDENAS REALES, BASE AÉREA",NAVARRA,-5.6,-1.475277777777778,42.198611111111106,295
2021-01-08,4386B,LLERENA,BADAJOZ,1.3,-6.016944444444444,38.23166666666667,655
2021-01-08,4452,BADAJOZ AEROPUERTO,BADAJOZ,1.4,-6.813888888888889,38.88333333333333,185
2021-01-08,3391,SOTILLO DE LA ADRADA,AVILA,-0.8,-4.590833333333333,40.28861111111111,630
2021-01-08,5390Y,VILLANUEVA DE CÓRDOBA,CORDOBA,1.2,-4.608888888888888,38.33305555555556,750
2021-01-08,9263X,"ARANGUREN, ILUNDAIN",NAVARRA,-5.6,-1.5325,42.77611111111111,572
2021-01-08,3111D,SOMOSIERRA,MADRID,-9.4,-3.5802777777777774,41.135555555555555,1450
2021-01-08,3013,MOLINA DE ARAGÓN,GUADALAJARA,-4.5,-1.8788888888888888,40.84166666666667,1062
2021-01-08,8293X,XÀTIVA,VALENCIA,3.8,-0.5236111111111111,39.001666666666665,88
2021-01-08,0372C,PORQUERES,GIRONA,-4.5,2.763611111111111,42.10444444444445,157
2021-01-08,5704B,CAZALLA DE LA SIERRA,SEVILLA,2.3,-5.769722222222222,37.92638888888889,550
2021-01-08,8414A,VALENCIA AEROPUERTO,VALENCIA,4.1,-0.4747222222222222,39.485,56
2021-01-08,1735X,XINZO DE LIMIA,OURENSE,-6.9,-7.733611111111111,42.07916666666667,616
2021-01-08,5270B,JAÉN,JAEN,3.5,-3.8088888888888888,37.777499999999996,580
2021-01-08,9563X,CASTELLFORT,CASTELLON,-5.1,-0.18666666666666665,40.49861111111111,1220
2021-01-08,1700X,O CARBALLIÑO,OURENSE,-3.9,-8.092500000000001,42.421388888888885,400
2021-01-08,3526X,CORIA,CACERES,-1.1,-6.5575,40.00361111111111,313
2021-01-08,1387,A CORUÑA,A CORUÑA,2.9,-8.421388888888888,43.365833333333335,58
2021-01-08,9381I,CALAMOCHA,TERUEL,-3.6,-1.2933333333333332,40.92611111111111,890
2021-01-08,4121,CIUDAD REAL,CIUDAD REAL,0.4,-3.9202777777777778,38.98916666666667,628
2021-01-08,8177A,CHINCHILLA,ALBACETE,-1.2,-1.66,38.93583333333333,880
2021-01-08,1183X,LLANES,ASTURIAS,4.6,-4.748055555555555,43.42027777777778,10
2021-01-08,8368U,TERUEL,TERUEL,-2.8,-1.1241666666666668,40.35055555555556,900
2021-01-08,8178D,ALBACETE,ALBACETE,0,-1.8622222222222222,39.00555555555555,676
2021-01-08,8416Y,"VALÈNCIA, VIVEROS",VALENCIA,4.3,-0.3663888888888889,39.480555555555554,11
2021-01-08,5783,SEVILLA AEROPUERTO,SEVILLA,6.7,-5.879166666666667,37.416666666666664,34
2021-01-08,1400,FISTERRA,A CORUÑA,3.2,-9.29138888888889,42.92472222222222,230
2021-01-08,6156X,"MÁLAGA, CENTRO METEOROLÓGICO",MALAGA,10.6,-4.4816666666666665,36.717777777777776,54
2021-01-08,5530E,GRANADA AEROPUERTO,GRANADA,4.4,-3.7894444444444444,37.189722222222215,567
2021-01-08,6084X,FUENGIROLA,MALAGA,,-4.618333333333334,36.53861111111111,8
2021-01-08,1078I,GÜEÑES,BIZKAIA,-0.9,-3.104722222222222,43.20333333333333,208
2021-01-08,9208E,ARAGÜÉS DEL PUERTO,HUESCA,-9.2,-0.6730555555555555,42.70888888888889,1040
2021-01-08,0200E,"BARCELONA, FABRA",BARCELONA,-0.2,2.1241666666666665,41.41833333333333,408
2021-01-08,9019B,"VALDERREDIBLE, POLIENTES",CANTABRIA,-5.6,-3.933888888888889,42.80638888888888,720
2021-01-08,2946X,SAELICES EL CHICO,SALAMANCA,-3.2,-6.6,40.635,680
2021-01-08,1549,PONFERRADA,LEON,-7.3,-6.6,42.56388888888888,534
2021-01-08,3100B,ARANJUEZ,MADRID,,-3.546111111111111,40.06722222222223,540
2021-01-08,4147X,VALDEPEÑAS,CIUDAD REAL,0.5,-3.391388888888889,38.75055555555556,700
2021-01-08,2400E,AUTILLA DEL PINO,PALENCIA,-6,-4.602777777777778,41.995555555555555,874
2021-01-08,5000C,CEUTA,CEUTA,11.6,-5.3469444444444445,35.88861111111111,87
2021-01-08,9051,MEDINA DE POMAR,BURGOS,-6,-3.4827777777777778,42.919999999999995,580
2021-01-08,7275C,YECLA,MURCIA,0,-1.159722222222222,38.60166666666667,640
2021-01-08,2298,PALACIOS DE LA SIERRA,BURGOS,-14.9,-3.131666666666667,41.959722222222226,1080
2021-01-08,3168D,GUADALAJARA,GUADALAJARA,-2.7,-3.15,40.63027777777778,721
2021-01-08,9585,LA MOLINA,GIRONA,-8.9,1.9394444444444445,42.3325,1703
2021-01-08,2462,PUERTO DE NAVACERRADA,MADRID,-9.5,-4.010555555555555,40.793055555555554,1894
2021-01-08,2630X,PUERTO DE SAN ISIDRO,LEON,-12.9,-5.376944444444444,43.06222222222222,1510
2021-01-08,B278,"PALMA DE MALLORCA, AEROPUERTO",ILLES BALEARS,6.2,2.736666666666667,39.56083333333333,8
2021-01-08,3298X,SAN PABLO DE LOS MONTES,TOLEDO,-2.9,-4.350555555555555,39.54694444444444,917
2021-01-08,4244X,HERRERA DEL DUQUE,BADAJOZ,0.5,-5.062222222222222,39.169444444444444,447
2021-01-08,2539,VALLADOLID AEROPUERTO,VALLADOLID,-4.7,-4.855555555555555,41.71194444444445,846
2021-01-08,7178I,MURCIA,MURCIA,4.2,-1.1708333333333334,38.00194444444445,61
2021-01-08,2444,ÁVILA,AVILA,-8.6,-4.680000000000001,40.659166666666664,1130
2021-01-08,6302A,ABLA,ALMERIA,,-2.78,37.14138888888889,869
2021-01-08,3196,"MADRID, CUATRO VIENTOS",MADRID,-1.8,-3.786111111111111,40.37555555555556,690
2021-01-08,2030,SORIA,SORIA,-11.1,-2.4830555555555556,41.775,1082
2021-01-08,4560Y,ALAJAR,HUELVA,1.4,-6.675000000000001,37.868611111111115,572
2021-01-08,1050J,ELGOIBAR,GIPUZKOA,-3.5,-2.413333333333333,43.20944444444445,119
2021-01-08,0149X,MANRESA,BARCELONA,-4.4,1.840277777777778,41.72,291
2021-01-08,8309X,UTIEL,VALENCIA,-0.1,-1.2447222222222223,39.57555555555556,758
2021-01-08,1393,CABO VILÁN,A CORUÑA,4.1,-9.210833333333333,43.160555555555554,50
2021-01-08,1495,VIGO AEROPUERTO,PONTEVEDRA,-2.4,-8.623888888888889,42.23861111111111,261
2021-01-08,1249X,OVIEDO,ASTURIAS,-2.1,-5.874166666666667,43.35333333333333,336
2021-01-08,5582A,LOJA,GRANADA,,-4.152777777777779,37.16111111111111,760
2021-01-08,6155A,MÁLAGA AEROPUERTO,MALAGA,10.3,-4.482222222222222,36.66611111111111,5
2021-01-08,3576X,VALENCIA DE ALCÁNTARA,CACERES,0,-7.231111111111111,39.414722222222224,444
2021-01-08,2870,SALAMANCA,SALAMANCA,-4,-5.662222222222223,40.9575,775
2021-01-08,9201K,JACA,HUESCA,-11.8,-0.5469444444444445,42.57888888888889,823
2021-01-08,1351,ESTACA DE BARES,A CORUÑA,5.1,-7.684722222222223,43.78611111111111,80
2021-01-08,3266A,PUERTO ALTO DEL LEÓN,MADRID,-8.1,-4.141944444444444,40.70638888888889,1532
2021-01-08,1631E,A POBRA DE TRIVES,OURENSE,-7.8,-7.2825,42.339444444444446,840
2021-01-08,7012C,CARTAGENA,MURCIA,6.1,-0.9877777777777778,37.60111111111111,17
2021-01-08,1057B,MACHICHACO,BIZKAIA,3.3,-2.7527777777777778,43.45388888888889,93
2021-01-08,3338,ROBLEDO DE CHAVELA,MADRID,-5.2,-4.25,40.42777777777778,763
2021-01-08,2374X,CARRIÓN DE LOS CONDES,PALENCIA,-4.6,-4.617222222222223,42.350833333333334,830
2021-01-08,1484C,PONTEVEDRA,PONTEVEDRA,-1.2,-8.615833333333333,42.43833333333333,108
2021-01-08,0252D,ARENYS DE MAR,BARCELONA,1.3,2.54,41.587500000000006,74
2021-01-08,5911A,GRAZALEMA,CADIZ,3.9,-5.3741666666666665,36.760555555555555,913
2021-01-08,1428,SANTIAGO DE COMPOSTELA AEROPUERTO,A CORUÑA,-1.8,-8.410555555555556,42.88805555555555,370
2021-01-08,0201D,BARCELONA,BARCELONA,2.3,2.2,41.39055555555556,6
2021-01-08,9091O,FORONDA-TXOKIZA,ARABA/ALAVA,-6.9,-2.735,42.88194444444444,513
2021-01-08,3365A,TALAVERA DE LA REINA,TOLEDO,-1.9,-4.863611111111111,39.95861111111111,372
2021-01-08,5298X,ANDÚJAR,JAEN,4.4,-4.0633333333333335,38.02305555555555,202
2021-01-08,6000A,MELILLA,MELILLA,13.6,-2.956388888888889,35.27638888888889,52
2021-01-08,5973,CÁDIZ,CADIZ,8.1,-6.257777777777778,36.499722222222225,2
2021-01-08,2916A,VITIGUDINO,SALAMANCA,-5.4,-6.437777777777778,41.01138888888889,769
2021-01-08,2150H,"LA PINILLA, ESTACIÓN DE ESQUÍ",SEGOVIA,-10.4,-3.475277777777778,41.19194444444444,1798
2021-01-08,9771C,LLEIDA,LLEIDA,-4,0.5980555555555556,41.626111111111115,185
2021-01-08,9390,DAROCA,ZARAGOZA,-4.4,-1.41,41.114444444444445,779
2021-01-08,2614,ZAMORA,ZAMORA,-6.2,-5.735277777777778,41.51555555555556,656
2021-01-08,1208H,"GIJÓN, PUERTO",ASTURIAS,2.1,-5.700833333333334,43.559999999999995,5
2021-01-08,1037Y,ZUMARRAGA,GIPUZKOA,-4.7,-2.3175,43.080000000000005,420
2021-01-08,4511C,JEREZ DE LOS CABALLEROS,BADAJOZ,2.6,-6.765,38.29861111111111,381
2021-01-08,9001D,REINOSA,CANTABRIA,-8.3,-4.160555555555556,42.99194444444444,870
2021-01-08,8096,CUENCA,CUENCA,-0.5,-2.1319444444444446,40.06722222222223,948
2021-01-08,6325O,ALMERÍA AEROPUERTO,ALMERIA,8.4,-2.3569444444444447,36.84638888888889,21
2021-01-08,1542,PUERTO DE LEITARIEGOS,ASTURIAS,-12.2,-6.4141666666666675,42.994166666666665,1530
2021-01-08,1111X,SANTANDER,CANTABRIA,2.4,-3.8005555555555555,43.49111111111111,52
2021-01-08,4642E,"HUELVA, RONDA ESTE",HUELVA,5.7,-6.911666666666667,37.27833333333333,19
2021-01-08,2422,VALLADOLID,VALLADOLID,-4,-4.754444444444444,41.64083333333333,735
2021-01-08,5910,"ROTA, BASE NAVAL",CADIZ,6.8,-6.3325,36.638888888888886,21
2021-01-08,9091R,VITORIA GASTEIZ AEROPUERTO,ARABA/ALAVA,-7.5,-2.7327777777777778,42.871944444444445,513
2021-01-08,4549Y,AYAMONTE,HUELVA,7,-7.3950000000000005,37.19472222222222,2
2021-01-08,3130C,SIGÜENZA,GUADALAJARA,-8.8,-2.618055555555556,41.08638888888889,1005
2021-01-08,2737E,LAGUNAS DE SOMOZA,LEON,-11.7,-6.196666666666667,42.3775,1020
2021-01-08,1210X,CABO PEÑAS,ASTURIAS,2.7,-5.8486111111111105,43.655833333333334,100
2021-01-08,B954,"IBIZA, AEROPUERTO",ILLES BALEARS,7.5,1.3844444444444444,38.87638888888889,6
2021-01-08,3469A,CÁCERES,CACERES,-0.5,-6.338888888888889,39.47138888888889,394
2021-01-08,8050X,JÁVEA/ XÀBIA,ALICANTE,7.8,0.16777777777777778,38.78361111111111,15
2021-01-08,9262,PAMPLONA,NAVARRA,-5.2,-1.6383333333333332,42.81777777777778,450
2021-01-08,6001,TARIFA,CADIZ,11.1,-5.598888888888888,36.013888888888886,32
2021-01-08,9263D,"PAMPLONA, AEROPUERTO",NAVARRA,-6.6,-1.65,42.776944444444446,459
2021-01-08,3044X,CAÑIZARES,CUENCA,-3.4,-2.15,40.530277777777776,928
2021-01-08,3195,"MADRID, RETIRO",MADRID,-1,-3.6780555555555554,40.411944444444444,667
2021-01-08,B893,"MENORCA, AEROPUERTO",ILLES BALEARS,6.4,4.2155555555555555,39.85472222222222,91
2021-01-08,9573X,ALCAÑIZ,TERUEL,-3.7,-0.14166666666666666,41.058055555555555,334
2021-01-08,7119B,CARAVACA DE LA CRUZ,MURCIA,0.3,-1.8772222222222223,38.1025,643
2021-01-08,0255B,SANTA SUSANNA,BARCELONA,0.4,2.6969444444444446,41.65083333333333,40
2021-01-08,5612B,LA RODA DE ANDALUCÍA,SEVILLA,5.9,-4.77,37.19444444444444,410
2021-01-09,4358X,DON BENITO,BADAJOZ,2.5,-5.880555555555556,38.955555555555556,273
2021-01-09,4220X,PUEBLA DE DON RODRIGO,CIUDAD REAL,-1,-4.616388888888888,39.08861111111111,486
2021-01-09,6106X,ANTEQUERA,MALAGA,3.8,-4.748333333333333,37.029444444444444,408
2021-01-09,9698U,TALARN,LLEIDA,-2.5,0.8652777777777777,42.20527777777778,807
2021-01-09,4410X,MÉRIDA,BADAJOZ,2.3,-6.385555555555556,38.91583333333333,228
2021-01-09,1331A,CASTROPOL,ASTURIAS,-1.8,-7.0313888888888885,43.52472222222222,40
2021-01-09,1690A,OURENSE,OURENSE,-5.6,-7.859722222222222,42.32527777777778,143
2021-01-09,8489X,VILLAFRANCA DEL CID/VILLAFRANCA,CASTELLON,-5,-0.25583333333333336,40.43333333333333,1131
2021-01-09,8025,ALICANTE/ALACANT,ALICANTE,4.7,-0.49416666666666664,38.3725,81
2021-01-09,9784P,BIELSA,HUESCA,-2.7,0.22472222222222224,42.63,992
2021-01-09,2331,BURGOS AEROPUERTO,BURGOS,-3.9,-3.620277777777778,42.356944444444444,891
2021-01-09,9434,"ZARAGOZA, AEROPUERTO",ZARAGOZA,-0.3,-1.0041666666666667,41.660555555555554,249
2021-01-09,1109,SANTANDER AEROPUERTO,CANTABRIA,1.5,-3.8255555555555554,43.42388888888889,3
2021-01-09,6293X,ROQUETAS DE MAR,ALMERIA,7.9,-2.7016666666666667,36.68694444444444,3
2021-01-09,1212E,ASTURIAS AEROPUERTO,ASTURIAS,0.3,-6.0441666666666665,43.566944444444445,127
2021-01-09,9394X,CALATAYUD,ZARAGOZA,-1.7,-1.6452777777777778,41.33111111111111,582
2021-01-09,3094B,TARANCÓN,CUENCA,-0.5,-3.0213888888888887,40.01138888888889,808
2021-01-09,1059X,PUNTA GALEA,BIZKAIA,3.5,-3.0216666666666665,43.375,90
2021-01-09,1207U,"GIJÓN, CAMPUS",ASTURIAS,-1.5,-5.621111111111111,43.52305555555555,26
2021-01-09,6367B,HUÉRCAL-OVERA,ALMERIA,4.9,-1.9436111111111112,37.39055555555556,300
2021-01-09,7228,"ALCANTARILLA, BASE AÉREA",MURCIA,5,-1.2286111111111113,37.95777777777778,75
2021-01-09,7002Y,ÁGUILAS,MURCIA,8.3,-1.5869444444444445,37.41722222222222,26
2021-01-09,3191E,COLMENAR VIEJO,MADRID,-3,-3.765,40.69611111111111,1004
2021-01-09,0016A,REUS AEROPUERTO,TARRAGONA,2.1,1.163611111111111,41.144999999999996,71
2021-01-09,8058X,OLIVA,VALENCIA,4,-0.09583333333333333,38.928888888888885,5
2021-01-09,0367,GIRONA AEROPUERTO,GIRONA,1.2,2.763333333333333,41.91166666666666,143
2021-01-09,7247X,PINOSO,ALICANTE,0.5,-1.0380555555555557,38.39972222222222,575
2021-01-09,3200,GETAFE,MADRID,-1.6,-3.7222222222222223,40.29944444444444,620
2021-01-09,4103X,TOMELLOSO,CIUDAD REAL,-2.5,-3.0075,39.16916666666666,662
2021-01-09,3175,TORREJÓN DE ARDOZ,MADRID,-2,-3.443611111111111,40.48861111111111,607
2021-01-09,3129,MADRID AEROPUERTO,MADRID,-1.3,-3.5555555555555554,40.46666666666667,609
2021-01-09,1014A,SAN SEBASTIÁN AEROPUERTO,GIPUZKOA,0.3,-1.7922222222222222,43.356944444444444,4
2021-01-09,7031X,SAN JAVIER AEROPUERTO,MURCIA,6.3,-0.8058333333333334,37.77833333333333,4
2021-01-09,7209,LORCA,MURCIA,4.2,-1.6872222222222222,37.65472222222222,312
2021-01-09,3519X,PLASENCIA,CACERES,1.5,-6.085833333333333,40.043055555555554,415
2021-01-09,2755X,BENAVENTE,ZAMORA,-1.6,-5.666666666666667,42.01083333333333,715
2021-01-09,8175,ALBACETE BASE AÉREA,ALBACETE,-3.1,-1.856388888888889,38.95416666666667,702
2021-01-09,9244X,SOS DEL REY CATÓLICO,ZARAGOZA,-2.8,-1.213611111111111,42.490833333333335,626
2021-01-09,6277B,ADRA,ALMERIA,7.5,-3.0205555555555557,36.74722222222222,8
2021-01-09,9170,"LOGROÑO, AEROPUERTO",LA RIOJA,-0.4,-2.331111111111111,42.452222222222225,353
2021-01-09,9111,BELORADO,BURGOS,,-3.1702777777777778,42.42111111111111,820
2021-01-09,7031,SAN JAVIER AEROPUERTO,MURCIA,6,-0.8033333333333333,37.788888888888884,4
2021-01-09,5181D,ARROYO DEL OJANCO,JAEN,0,-2.8897222222222223,38.31472222222222,580
2021-01-09,B691Y,SA POBLA,ILLES BALEARS,8.4,3.0166666666666666,39.74916666666667,40
2021-01-09,1159,SAN VICENTE DE LA BARQUERA,CANTABRIA,2.4,-4.392222222222222,43.39333333333333,38
2021-01-09,3260B,TOLEDO,TOLEDO,-2.4,-4.045277777777778,39.88472222222222,515
2021-01-09,3194U,"MADRID, CIUDAD UNIVERSITARIA",MADRID,-1.4,-3.7241666666666666,40.45166666666667,664
2021-01-09,1283U,CABO BUSTO,ASTURIAS,1.8,-6.47,43.56916666666667,60
2021-01-09,1083L,CASTRO URDIALES,CANTABRIA,2.8,-3.233888888888889,43.39472222222222,45
2021-01-09,2117D,ARANDA DE DUERO,BURGOS,-2.5,-3.742777777777778,41.66583333333333,790
2021-01-09,5514,GRANADA BASE AÉREA,GRANADA,3,-3.631388888888889,37.13722222222222,687
2021-01-09,B248,"SIERRA DE ALFABIA, BUNYOLA",ILLES BALEARS,2.2,2.7130555555555556,39.735,1030
2021-01-09,5860E,"MOGUER, EL ARENOSILLO",HUELVA,1.9,-6.7380555555555555,37.09805555555556,41
2021-01-09,2465,SEGOVIA,SEGOVIA,-3.5,-4.126388888888888,40.945277777777775,1005
2021-01-09,B228,"PALMA, PUERTO",ILLES BALEARS,9.5,2.625277777777778,39.555277777777775,3
2021-01-09,B013X,"ESCORCA, LLUC",ILLES BALEARS,4.2,2.8858333333333333,39.82333333333334,490
2021-01-09,0324A,RIPOLL,GIRONA,0.2,2.196111111111111,42.19138888888889,675
2021-01-09,5995B,VEJER DE LA FRONTERA,CADIZ,4.6,-5.965,36.245555555555555,186
2021-01-09,1473A,PADRÓN,A CORUÑA,0.7,-8.627222222222223,42.73833333333334,100
2021-01-09,1024E,"DONOSTIA/SAN SEBASTIÁN, IGUELDO",GIPUZKOA,0,-2.041111111111111,43.30638888888888,251
2021-01-09,9619,LA SEU D'URGELL,LLEIDA,-1.1,1.4630555555555556,42.35472222222222,677
2021-01-09,5427X,DOÑA MENCÍA,CORDOBA,2.4,-4.353888888888888,37.55611111111111,650
2021-01-09,1082,BILBAO AEROPUERTO,BIZKAIA,1.4,-2.906388888888889,43.29805555555556,42
2021-01-09,B569X,CAPDEPERA,ILLES BALEARS,9.1,3.4780555555555557,39.71666666666667,57
2021-01-09,7145D,CIEZA,MURCIA,1.9,-1.3805555555555555,38.23277777777778,265
2021-01-09,5402,CÓRDOBA AEROPUERTO,CORDOBA,3.1,-4.846666666666667,37.848888888888894,90
2021-01-09,1387E,A CORUÑA AEROPUERTO,A CORUÑA,0.7,-8.371944444444445,43.30694444444444,98
2021-01-09,5641X,ÉCIJA,SEVILLA,,-5.085,37.51611111111111,130
2021-01-09,4148,VISO DEL MARQUÉS,CIUDAD REAL,-1.5,-3.5666666666666664,38.518055555555556,804
2021-01-09,1002Y,"BAZTAN, IRURITA",NAVARRA,-1.5,-1.5430555555555554,43.13583333333333,183
2021-01-09,6058I,ESTEPONA,MALAGA,6.5,-5.155,36.41694444444444,19
2021-01-09,9898,"HUESCA, AEROPUERTO",HUESCA,-1.9,-0.32555555555555554,42.08444444444444,546
2021-01-09,9569A,CALANDA,TERUEL,-1.8,-0.23777777777777778,40.946666666666665,466
2021-01-09,1505,LUGO AEROPUERTO,LUGO,-4.5,-7.4575000000000005,43.11138888888889,445
2021-01-09,2661,"LEÓN, VIRGEN DEL CAMINO",LEON,-2.7,-5.651111111111112,42.58833333333334,912
2021-01-09,7096B,HELLÍN,ALBACETE,-0.5,-1.7030555555555555,38.54194444444444,646
2021-01-09,5960,JEREZ DE LA FRONTERA AEROPUERTO,CADIZ,3.4,-6.055833333333333,36.75055555555556,27
2021-01-09,9434P,"ZARAGOZA, VALDESPARTERA",ZARAGOZA,-0.5,-0.935,41.62083333333334,254
2021-01-09,8019,ALICANTE-ELCHE AEROPUERTO,ALICANTE,5.1,-0.5708333333333333,38.282777777777774,43
2021-01-09,8500A,CASTELLÓN - ALMASSORA,CASTELLON,3.6,-0.07194444444444445,39.95722222222223,43
2021-01-09,5796,MORÓN DE LA FRONTERA,SEVILLA,4.2,-5.6113888888888885,37.16444444444444,87
2021-01-09,5047E,BAZA,GRANADA,-1.5,-2.735,37.505833333333335,785
2021-01-09,5972X,SAN FERNANDO,CADIZ,6.3,-6.205555555555556,36.46555555555556,28
2021-01-09,1475X,SANTIAGO DE COMPOSTELA,A CORUÑA,2,-8.555833333333334,42.876111111111115,240
2021-01-09,0076,BARCELONA AEROPUERTO,BARCELONA,2.5,2.0700000000000003,41.29277777777778,4
2021-01-09,4061X,QUINTANAR DE LA ORDEN,TOLEDO,-0.7,-3.0469444444444442,39.597500000000004,691
2021-01-09,3110C,BUITRAGO DEL LOZOYA,MADRID,-4,-3.613611111111111,41.00694444444444,1030
2021-01-09,9990X,"NAUT ARAN, ARTIES",LLEIDA,-4.8,0.8769444444444445,42.70027777777778,1161
2021-01-09,8325X,POLINYÀ DE XÚQUER,VALENCIA,4.2,-0.3719444444444444,39.18472222222222,12
2021-01-09,2867,SALAMANCA AEROPUERTO,SALAMANCA,-3,-5.498333333333333,40.95944444444445,790
2021-01-09,B346X,PORRERES,ILLES BALEARS,7.8,3.0191666666666666,39.52166666666667,120
2021-01-09,2235U,CERVERA DE PISUERGA,PALENCIA,-3.9,-4.52,42.870555555555555,1140
2021-01-09,1221D,PAJARES-VALGRANDE,ASTURIAS,-7.6,-5.776388888888889,42.978611111111114,1480
2021-01-09,2775X,VILLARDECIERVOS,ZAMORA,-3.5,-6.279722222222222,41.94138888888889,850
2021-01-09,9981A,ESTACIÓN DE TORTOSA (ROQUETES),TARRAGONA,0.6,0.49333333333333335,40.82027777777778,50
2021-01-09,3434X,NAVALMORAL DE LA MATA,CACERES,2,-5.5825,39.94583333333333,269
2021-01-09,1041A,ZUMAIA,GIPUZKOA,1.1,-2.2511111111111113,43.30222222222222,28
2021-01-09,4267X,HINOJOSA DEL DUQUE,CORDOBA,-0.7,-5.1211111111111105,38.49861111111111,551
2021-01-09,9294E,"BARDENAS REALES, BASE AÉREA",NAVARRA,-0.8,-1.475277777777778,42.198611111111106,295
2021-01-09,4386B,LLERENA,BADAJOZ,0.2,-6.016944444444444,38.23166666666667,655
2021-01-09,4452,BADAJOZ AEROPUERTO,BADAJOZ,2.3,-6.813888888888889,38.88333333333333,185
2021-01-09,3391,SOTILLO DE LA ADRADA,AVILA,0.2,-4.590833333333333,40.28861111111111,630
2021-01-09,5390Y,VILLANUEVA DE CÓRDOBA,CORDOBA,-0.5,-4.608888888888888,38.33305555555556,750
2021-01-09,9263X,"ARANGUREN, ILUNDAIN",NAVARRA,-1.7,-1.5325,42.77611111111111,572
2021-01-09,3111D,SOMOSIERRA,MADRID,-4.7,-3.5802777777777774,41.135555555555555,1450
2021-01-09,3013,MOLINA DE ARAGÓN,GUADALAJARA,-6.5,-1.8788888888888888,40.84166666666667,1062
2021-01-09,8293X,XÀTIVA,VALENCIA,1.7,-0.5236111111111111,39.001666666666665,88
2021-01-09,0372C,PORQUERES,GIRONA,0.6,2.763611111111111,42.10444444444445,157
2021-01-09,5704B,CAZALLA DE LA SIERRA,SEVILLA,0.5,-5.769722222222222,37.92638888888889,550
2021-01-09,8414A,VALENCIA AEROPUERTO,VALENCIA,1.6,-0.4747222222222222,39.485,56
2021-01-09,1735X,XINZO DE LIMIA,OURENSE,-10.9,-7.733611111111111,42.07916666666667,616
2021-01-09,5270B,JAÉN,JAEN,1.7,-3.8088888888888888,37.777499999999996,580
2021-01-09,9563X,CASTELLFORT,CASTELLON,-5.4,-0.18666666666666665,40.49861111111111,1220
2021-01-09,1700X,O CARBALLIÑO,OURENSE,-3.9,-8.092500000000001,42.421388888888885,400
2021-01-09,3526X,CORIA,CACERES,2.2,-6.5575,40.00361111111111,313
2021-01-09,1387,A CORUÑA,A CORUÑA,4.4,-8.421388888888888,43.365833333333335,58
2021-01-09,9381I,CALAMOCHA,TERUEL,-3.7,-1.2933333333333332,40.92611111111111,890
2021-01-09,4121,CIUDAD REAL,CIUDAD REAL,-1.5,-3.9202777777777778,38.98916666666667,628
2021-01-09,8177A,CHINCHILLA,ALBACETE,-3.1,-1.66,38.93583333333333,880
2021-01-09,1183X,LLANES,ASTURIAS,4.2,-4.748055555555555,43.42027777777778,10
2021-01-09,8368U,TERUEL,TERUEL,-4.2,-1.1241666666666668,40.35055555555556,900
2021-01-09,8178D,ALBACETE,ALBACETE,-2.2,-1.8622222222222222,39.00555555555555,676
2021-01-09,8416Y,"VALÈNCIA, VIVEROS",VALENCIA,3.8,-0.3663888888888889,39.480555555555554,11
2021-01-09,5783,SEVILLA AEROPUERTO,SEVILLA,4,-5.879166666666667,37.416666666666664,34
2021-01-09,1400,FISTERRA,A CORUÑA,3,-9.29138888888889,42.92472222222222,230
2021-01-09,6156X,"MÁLAGA, CENTRO METEOROLÓGICO",MALAGA,7.9,-4.4816666666666665,36.717777777777776,54
2021-01-09,5530E,GRANADA AEROPUERTO,GRANADA,3.8,-3.7894444444444444,37.189722222222215,567
2021-01-09,6084X,FUENGIROLA,MALAGA,8.5,-4.618333333333334,36.53861111111111,8
2021-01-09,1078I,GÜEÑES,BIZKAIA,0.2,-3.104722222222222,43.20333333333333,208
2021-01-09,9208E,ARAGÜÉS DEL PUERTO,HUESCA,-4,-0.6730555555555555,42.70888888888889,1040
2021-01-09,0200E,"BARCELONA, FABRA",BARCELONA,0.5,2.1241666666666665,41.41833333333333,408
2021-01-09,9019B,"VALDERREDIBLE, POLIENTES",CANTABRIA,-1.6,-3.933888888888889,42.80638888888888,720
2021-01-09,2946X,SAELICES EL CHICO,SALAMANCA,-1.5,-6.6,40.635,680
2021-01-09,1549,PONFERRADA,LEON,-8.4,-6.6,42.56388888888888,534
2021-01-09,4147X,VALDEPEÑAS,CIUDAD REAL,-1.1,-3.391388888888889,38.75055555555556,700
2021-01-09,2400E,AUTILLA DEL PINO,PALENCIA,-4.3,-4.602777777777778,41.995555555555555,874
2021-01-09,5000C,CEUTA,CEUTA,6.7,-5.3469444444444445,35.88861111111111,87
2021-01-09,9051,MEDINA DE POMAR,BURGOS,-1.5,-3.4827777777777778,42.919999999999995,580
2021-01-09,7275C,YECLA,MURCIA,-1.1,-1.159722222222222,38.60166666666667,640
2021-01-09,2298,PALACIOS DE LA SIERRA,BURGOS,-3.4,-3.131666666666667,41.959722222222226,1080
2021-01-09,3168D,GUADALAJARA,GUADALAJARA,-1.8,-3.15,40.63027777777778,721
2021-01-09,9585,LA MOLINA,GIRONA,-6.1,1.9394444444444445,42.3325,1703
2021-01-09,2462,PUERTO DE NAVACERRADA,MADRID,-7.5,-4.010555555555555,40.793055555555554,1894
2021-01-09,2630X,PUERTO DE SAN ISIDRO,LEON,-8.4,-5.376944444444444,43.06222222222222,1510
2021-01-09,B278,"PALMA DE MALLORCA, AEROPUERTO",ILLES BALEARS,9,2.736666666666667,39.56083333333333,8
2021-01-09,3298X,SAN PABLO DE LOS MONTES,TOLEDO,-4.2,-4.350555555555555,39.54694444444444,917
2021-01-09,4244X,HERRERA DEL DUQUE,BADAJOZ,0.1,-5.062222222222222,39.169444444444444,447
2021-01-09,2539,VALLADOLID AEROPUERTO,VALLADOLID,-2.9,-4.855555555555555,41.71194444444445,846
2021-01-09,7178I,MURCIA,MURCIA,5,-1.1708333333333334,38.00194444444445,61
2021-01-09,2444,ÁVILA,AVILA,-4,-4.680000000000001,40.659166666666664,1130
2021-01-09,6302A,ABLA,ALMERIA,2.6,-2.78,37.14138888888889,869
2021-01-09,3196,"MADRID, CUATRO VIENTOS",MADRID,-1.6,-3.786111111111111,40.37555555555556,690
2021-01-09,2030,SORIA,SORIA,-4.3,-2.4830555555555556,41.775,1082
2021-01-09,4560Y,ALAJAR,HUELVA,0.6,-6.675000000000001,37.868611111111115,572
2021-01-09,1050J,ELGOIBAR,GIPUZKOA,-1,-2.413333333333333,43.20944444444445,119
2021-01-09,0149X,MANRESA,BARCELONA,0.4,1.840277777777778,41.72,291
2021-01-09,8309X,UTIEL,VALENCIA,-4.6,-1.2447222222222223,39.57555555555556,758
2021-01-09,1393,CABO VILÁN,A CORUÑA,,-9.210833333333333,43.160555555555554,50
2021-01-09,1495,VIGO AEROPUERTO,PONTEVEDRA,-0.2,-8.623888888888889,42.23861111111111,261
2021-01-09,1249X,OVIEDO,ASTURIAS,-1.5,-5.874166666666667,43.35333333333333,336
2021-01-09,5582A,LOJA,GRANADA,,-4.152777777777779,37.16111111111111,760
2021-01-09,6155A,MÁLAGA AEROPUERTO,MALAGA,7.3,-4.482222222222222,36.66611111111111,5
2021-01-09,3576X,VALENCIA DE ALCÁNTARA,CACERES,0.6,-7.231111111111111,39.414722222222224,444
2021-01-09,2870,SALAMANCA,SALAMANCA,-2,-5.662222222222223,40.9575,775
2021-01-09,9201K,JACA,HUESCA,-4,-0.5469444444444445,42.57888888888889,823
2021-01-09,1351,ESTACA DE BARES,A CORUÑA,3.7,-7.684722222222223,43.78611111111111,80
2021-01-09,3266A,PUERTO ALTO DEL LEÓN,MADRID,-5.8,-4.141944444444444,40.70638888888889,1532
2021-01-09,1631E,A POBRA DE TRIVES,OURENSE,-5.7,-7.2825,42.339444444444446,840
2021-01-09,7012C,CARTAGENA,MURCIA,7.9,-0.9877777777777778,37.60111111111111,17
2021-01-09,1057B,MACHICHACO,BIZKAIA,,-2.7527777777777778,43.45388888888889,93
2021-01-09,3338,ROBLEDO DE CHAVELA,MADRID,-1.8,-4.25,40.42777777777778,763
2021-01-09,2374X,CARRIÓN DE LOS CONDES,PALENCIA,-2.1,-4.617222222222223,42.350833333333334,830
2021-01-09,1484C,PONTEVEDRA,PONTEVEDRA,0.9,-8.615833333333333,42.43833333333333,108
2021-01-09,0252D,ARENYS DE MAR,BARCELONA,2.8,2.54,41.587500000000006,74
2021-01-09,5911A,GRAZALEMA,CADIZ,-0.5,-5.3741666666666665,36.760555555555555,913
2021-01-09,1428,SANTIAGO DE COMPOSTELA AEROPUERTO,A CORUÑA,0.1,-8.410555555555556,42.88805555555555,370
2021-01-09,0201D,BARCELONA,BARCELONA,3.8,2.2,41.39055555555556,6
2021-01-09,9091O,FORONDA-TXOKIZA,ARABA/ALAVA,-1.7,-2.735,42.88194444444444,513
2021-01-09,3365A,TALAVERA DE LA REINA,TOLEDO,1,-4.863611111111111,39.95861111111111,372
2021-01-09,5298X,ANDÚJAR,JAEN,0.9,-4.0633333333333335,38.02305555555555,202
2021-01-09,6000A,MELILLA,MELILLA,10.7,-2.956388888888889,35.27638888888889,52
2021-01-09,5973,CÁDIZ,CADIZ,8.1,-6.257777777777778,36.499722222222225,2
2021-01-09,2916A,VITIGUDINO,SALAMANCA,-2.1,-6.437777777777778,41.01138888888889,769
2021-01-09,2150H,"LA PINILLA, ESTACIÓN DE ESQUÍ",SEGOVIA,-7.8,-3.475277777777778,41.19194444444444,1798
2021-01-09,9771C,LLEIDA,LLEIDA,-0.4,0.5980555555555556,41.626111111111115,185
2021-01-09,9390,DAROCA,ZARAGOZA,-3.2,-1.41,41.114444444444445,779
2021-01-09,2614,ZAMORA,ZAMORA,-2,-5.735277777777778,41.51555555555556,656
2021-01-09,1208H,"GIJÓN, PUERTO",ASTURIAS,2.5,-5.700833333333334,43.559999999999995,5
2021-01-09,1037Y,ZUMARRAGA,GIPUZKOA,-2.8,-2.3175,43.080000000000005,420
2021-01-09,4511C,JEREZ DE LOS CABALLEROS,BADAJOZ,,-6.765,38.29861111111111,381
2021-01-09,9001D,REINOSA,CANTABRIA,-2.4,-4.160555555555556,42.99194444444444,870
2021-01-09,8096,CUENCA,CUENCA,-0.7,-2.1319444444444446,40.06722222222223,948
2021-01-09,6325O,ALMERÍA AEROPUERTO,ALMERIA,7.5,-2.3569444444444447,36.84638888888889,21
2021-01-09,1542,PUERTO DE LEITARIEGOS,ASTURIAS,-9.6,-6.4141666666666675,42.994166666666665,1530
2021-01-09,1111X,SANTANDER,CANTABRIA,3.2,-3.8005555555555555,43.49111111111111,52
2021-01-09,4642E,"HUELVA, RONDA ESTE",HUELVA,2.6,-6.911666666666667,37.27833333333333,19
2021-01-09,2422,VALLADOLID,VALLADOLID,-2.7,-4.754444444444444,41.64083333333333,735
2021-01-09,5910,"ROTA, BASE NAVAL",CADIZ,5.2,-6.3325,36.638888888888886,21
2021-01-09,9091R,VITORIA GASTEIZ AEROPUERTO,ARABA/ALAVA,-1.7,-2.7327777777777778,42.871944444444445,513
2021-01-09,4549Y,AYAMONTE,HUELVA,2.5,-7.3950000000000005,37.19472222222222,2
2021-01-09,3130C,SIGÜENZA,GUADALAJARA,-3.8,-2.618055555555556,41.08638888888889,1005
2021-01-09,2737E,LAGUNAS DE SOMOZA,LEON,-4.7,-6.196666666666667,42.3775,1020
2021-01-09,1210X,CABO PEÑAS,ASTURIAS,1.9,-5.8486111111111105,43.655833333333334,100
2021-01-09,B954,"IBIZA, AEROPUERTO",ILLES BALEARS,9.3,1.3844444444444444,38.87638888888889,6
2021-01-09,3469A,CÁCERES,CACERES,0.6,-6.338888888888889,39.47138888888889,394
2021-01-09,8050X,JÁVEA/ XÀBIA,ALICANTE,5,0.16777777777777778,38.78361111111111,15
2021-01-09,9262,PAMPLONA,NAVARRA,-1.5,-1.6383333333333332,42.81777777777778,450
2021-01-09,6001,TARIFA,CADIZ,5.9,-5.598888888888888,36.013888888888886,32
2021-01-09,9263D,"PAMPLONA, AEROPUERTO",NAVARRA,-1.9,-1.65,42.776944444444446,459
2021-01-09,3195,"MADRID, RETIRO",MADRID,-1.6,-3.6780555555555554,40.411944444444444,667
2021-01-09,B893,"MENORCA, AEROPUERTO",ILLES BALEARS,9.2,4.2155555555555555,39.85472222222222,91
2021-01-09,9573X,ALCAÑIZ,TERUEL,-1.3,-0.14166666666666666,41.058055555555555,334
2021-01-09,7119B,CARAVACA DE LA CRUZ,MURCIA,-0.2,-1.8772222222222223,38.1025,643
2021-01-09,0255B,SANTA SUSANNA,BARCELONA,1.8,2.6969444444444446,41.65083333333333,40
2021-01-09,5612B,LA RODA DE ANDALUCÍA,SEVILLA,1.9,-4.77,37.19444444444444,410
2021-01-10,4358X,DON BENITO,BADAJOZ,0.6,-5.880555555555556,38.955555555555556,273
2021-01-10,4220X,PUEBLA DE DON RODRIGO,CIUDAD REAL,-1.2,-4.616388888888888,39.08861111111111,486
2021-01-10,6106X,ANTEQUERA,MALAGA,0.7,-4.748333333333333,37.029444444444444,408
2021-01-10,9698U,TALARN,LLEIDA,-0.5,0.8652777777777777,42.20527777777778,807
2021-01-10,4410X,MÉRIDA,BADAJOZ,-1.4,-6.385555555555556,38.91583333333333,228
2021-01-10,1331A,CASTROPOL,ASTURIAS,5.3,-7.0313888888888885,43.52472222222222,40
2021-01-10,1690A,OURENSE,OURENSE,1.5,-7.859722222222222,42.32527777777778,143
2021-01-10,8489X,VILLAFRANCA DEL CID/VILLAFRANCA,CASTELLON,-5.2,-0.25583333333333336,40.43333333333333,1131
2021-01-10,8025,ALICANTE/ALACANT,ALICANTE,3.9,-0.49416666666666664,38.3725,81
2021-01-10,9784P,BIELSA,HUESCA,-4.3,0.22472222222222224,42.63,992
2021-01-10,2331,BURGOS AEROPUERTO,BURGOS,-3,-3.620277777777778,42.356944444444444,891
2021-01-10,9434,"ZARAGOZA, AEROPUERTO",ZARAGOZA,0.3,-1.0041666666666667,41.660555555555554,249
2021-01-10,1109,SANTANDER AEROPUERTO,CANTABRIA,3.1,-3.8255555555555554,43.42388888888889,3
2021-01-10,6293X,ROQUETAS DE MAR,ALMERIA,5.6,-2.7016666666666667,36.68694444444444,3
2021-01-10,1212E,ASTURIAS AEROPUERTO,ASTURIAS,3.7,-6.0441666666666665,43.566944444444445,127
2021-01-10,9394X,CALATAYUD,ZARAGOZA,-1.4,-1.6452777777777778,41.33111111111111,582
2021-01-10,3094B,TARANCÓN,CUENCA,-5.2,-3.0213888888888887,40.01138888888889,808
2021-01-10,1059X,PUNTA GALEA,BIZKAIA,3.9,-3.0216666666666665,43.375,90
2021-01-10,1207U,"GIJÓN, CAMPUS",ASTURIAS,3.4,-5.621111111111111,43.52305555555555,26
2021-01-10,6367B,HUÉRCAL-OVERA,ALMERIA,4.3,-1.9436111111111112,37.39055555555556,300
2021-01-10,7228,"ALCANTARILLA, BASE AÉREA",MURCIA,3.3,-1.2286111111111113,37.95777777777778,75
2021-01-10,7002Y,ÁGUILAS,MURCIA,6.4,-1.5869444444444445,37.41722222222222,26
2021-01-10,3191E,COLMENAR VIEJO,MADRID,-2.2,-3.765,40.69611111111111,1004
2021-01-10,0016A,REUS AEROPUERTO,TARRAGONA,3.2,1.163611111111111,41.144999999999996,71
2021-01-10,8058X,OLIVA,VALENCIA,2.9,-0.09583333333333333,38.928888888888885,5
2021-01-10,0367,GIRONA AEROPUERTO,GIRONA,2.7,2.763333333333333,41.91166666666666,143
2021-01-10,7247X,PINOSO,ALICANTE,0.2,-1.0380555555555557,38.39972222222222,575
2021-01-10,3200,GETAFE,MADRID,-4.4,-3.7222222222222223,40.29944444444444,620
2021-01-10,4103X,TOMELLOSO,CIUDAD REAL,-4.3,-3.0075,39.16916666666666,662
2021-01-10,3175,TORREJÓN DE ARDOZ,MADRID,-4.5,-3.443611111111111,40.48861111111111,607
2021-01-10,3129,MADRID AEROPUERTO,MADRID,-3.5,-3.5555555555555554,40.46666666666667,609
2021-01-10,4067,MADRIDEJOS,TOLEDO,-7.2,-3.5283333333333333,39.49194444444444,690
2021-01-10,1014A,SAN SEBASTIÁN AEROPUERTO,GIPUZKOA,0.3,-1.7922222222222222,43.356944444444444,4
2021-01-10,7031X,SAN JAVIER AEROPUERTO,MURCIA,5.1,-0.8058333333333334,37.77833333333333,4
2021-01-10,7209,LORCA,MURCIA,3.1,-1.6872222222222222,37.65472222222222,312
2021-01-10,3519X,PLASENCIA,CACERES,-1.3,-6.085833333333333,40.043055555555554,415
2021-01-10,2755X,BENAVENTE,ZAMORA,-2.7,-5.666666666666667,42.01083333333333,715
2021-01-10,8175,ALBACETE BASE AÉREA,ALBACETE,-3.8,-1.856388888888889,38.95416666666667,702
2021-01-10,9244X,SOS DEL REY CATÓLICO,ZARAGOZA,-3.8,-1.213611111111111,42.490833333333335,626
2021-01-10,6277B,ADRA,ALMERIA,6.8,-3.0205555555555557,36.74722222222222,8
2021-01-10,9170,"LOGROÑO, AEROPUERTO",LA RIOJA,0,-2.331111111111111,42.452222222222225,353
2021-01-10,9111,BELORADO,BURGOS,,-3.1702777777777778,42.42111111111111,820
2021-01-10,7031,SAN JAVIER AEROPUERTO,MURCIA,4.5,-0.8033333333333333,37.788888888888884,4
2021-01-10,5181D,ARROYO DEL OJANCO,JAEN,0,-2.8897222222222223,38.31472222222222,580
2021-01-10,B691Y,SA POBLA,ILLES BALEARS,4.4,3.0166666666666666,39.74916666666667,40
2021-01-10,1159,SAN VICENTE DE LA BARQUERA,CANTABRIA,2.8,-4.392222222222222,43.39333333333333,38
2021-01-10,3260B,TOLEDO,TOLEDO,-4.1,-4.045277777777778,39.88472222222222,515
2021-01-10,3194U,"MADRID, CIUDAD UNIVERSITARIA",MADRID,-0.7,-3.7241666666666666,40.45166666666667,664
2021-01-10,1283U,CABO BUSTO,ASTURIAS,6.1,-6.47,43.56916666666667,60
2021-01-10,1083L,CASTRO URDIALES,CANTABRIA,3.9,-3.233888888888889,43.39472222222222,45
2021-01-10,2117D,ARANDA DE DUERO,BURGOS,-2.6,-3.742777777777778,41.66583333333333,790
2021-01-10,5514,GRANADA BASE AÉREA,GRANADA,-1.2,-3.631388888888889,37.13722222222222,687
2021-01-10,B248,"SIERRA DE ALFABIA, BUNYOLA",ILLES BALEARS,1.1,2.7130555555555556,39.735,1030
2021-01-10,5860E,"MOGUER, EL ARENOSILLO",HUELVA,1.9,-6.7380555555555555,37.09805555555556,41
2021-01-10,2465,SEGOVIA,SEGOVIA,-6.1,-4.126388888888888,40.945277777777775,1005
2021-01-10,B228,"PALMA, PUERTO",ILLES BALEARS,8.9,2.625277777777778,39.555277777777775,3
2021-01-10,B013X,"ESCORCA, LLUC",ILLES BALEARS,2,2.8858333333333333,39.82333333333334,490
2021-01-10,4090Y,SAN CLEMENTE,CUENCA,-10,-2.4205555555555556,39.416666666666664,728
2021-01-10,0324A,RIPOLL,GIRONA,1.7,2.196111111111111,42.19138888888889,675
2021-01-10,5995B,VEJER DE LA FRONTERA,CADIZ,3.7,-5.965,36.245555555555555,186
2021-01-10,1473A,PADRÓN,A CORUÑA,4.4,-8.627222222222223,42.73833333333334,100
2021-01-10,1024E,"DONOSTIA/SAN SEBASTIÁN, IGUELDO",GIPUZKOA,0.7,-2.041111111111111,43.30638888888888,251
2021-01-10,9619,LA SEU D'URGELL,LLEIDA,0.4,1.4630555555555556,42.35472222222222,677
2021-01-10,5427X,DOÑA MENCÍA,CORDOBA,1.5,-4.353888888888888,37.55611111111111,650
2021-01-10,1082,BILBAO AEROPUERTO,BIZKAIA,2.1,-2.906388888888889,43.29805555555556,42
2021-01-10,B569X,CAPDEPERA,ILLES BALEARS,8.6,3.4780555555555557,39.71666666666667,57
2021-01-10,7145D,CIEZA,MURCIA,1.5,-1.3805555555555555,38.23277777777778,265
2021-01-10,5402,CÓRDOBA AEROPUERTO,CORDOBA,1.9,-4.846666666666667,37.848888888888894,90
2021-01-10,1387E,A CORUÑA AEROPUERTO,A CORUÑA,5.8,-8.371944444444445,43.30694444444444,98
2021-01-10,5641X,ÉCIJA,SEVILLA,3.1,-5.085,37.51611111111111,130
2021-01-10,4148,VISO DEL MARQUÉS,CIUDAD REAL,-1,-3.5666666666666664,38.518055555555556,804
2021-01-10,1002Y,"BAZTAN, IRURITA",NAVARRA,0.1,-1.5430555555555554,43.13583333333333,183
2021-01-10,6058I,ESTEPONA,MALAGA,5.5,-5.155,36.41694444444444,19
2021-01-10,9898,"HUESCA, AEROPUERTO",HUESCA,-2.4,-0.32555555555555554,42.08444444444444,546
2021-01-10,9569A,CALANDA,TERUEL,-0.5,-0.23777777777777778,40.946666666666665,466
2021-01-10,1505,LUGO AEROPUERTO,LUGO,2.2,-7.4575000000000005,43.11138888888889,445
2021-01-10,2661,"LEÓN, VIRGEN DEL CAMINO",LEON,-1.2,-5.651111111111112,42.58833333333334,912
2021-01-10,7096B,HELLÍN,ALBACETE,-1.2,-1.7030555555555555,38.54194444444444,646
2021-01-10,5960,JEREZ DE LA FRONTERA AEROPUERTO,CADIZ,2.3,-6.055833333333333,36.75055555555556,27
2021-01-10,9434P,"ZARAGOZA, VALDESPARTERA",ZARAGOZA,0.2,-0.935,41.62083333333334,254
2021-01-10,8019,ALICANTE-ELCHE AEROPUERTO,ALICANTE,4.6,-0.5708333333333333,38.282777777777774,43
2021-01-10,8500A,CASTELLÓN - ALMASSORA,CASTELLON,5.5,-0.07194444444444445,39.95722222222223,43
2021-01-10,5796,MORÓN DE LA FRONTERA,SEVILLA,3.2,-5.6113888888888885,37.16444444444444,87
2021-01-10,5047E,BAZA,GRANADA,-2.2,-2.735,37.505833333333335,785
2021-01-10,5972X,SAN FERNANDO,CADIZ,4.2,-6.205555555555556,36.46555555555556,28
2021-01-10,1475X,SANTIAGO DE COMPOSTELA,A CORUÑA,3.8,-8.555833333333334,42.876111111111115,240
2021-01-10,0076,BARCELONA AEROPUERTO,BARCELONA,4.9,2.0700000000000003,41.29277777777778,4
2021-01-10,4061X,QUINTANAR DE LA ORDEN,TOLEDO,-5.1,-3.0469444444444442,39.597500000000004,691
2021-01-10,3110C,BUITRAGO DEL LOZOYA,MADRID,-5.4,-3.613611111111111,41.00694444444444,1030
2021-01-10,9990X,"NAUT ARAN, ARTIES",LLEIDA,-5,0.8769444444444445,42.70027777777778,1161
2021-01-10,8325X,POLINYÀ DE XÚQUER,VALENCIA,2.3,-0.3719444444444444,39.18472222222222,12
2021-01-10,2867,SALAMANCA AEROPUERTO,SALAMANCA,-3.9,-5.498333333333333,40.95944444444445,790
2021-01-10,B346X,PORRERES,ILLES BALEARS,5,3.0191666666666666,39.52166666666667,120
2021-01-10,2235U,CERVERA DE PISUERGA,PALENCIA,-2.7,-4.52,42.870555555555555,1140
2021-01-10,1221D,PAJARES-VALGRANDE,ASTURIAS,-5.1,-5.776388888888889,42.978611111111114,1480
2021-01-10,2775X,VILLARDECIERVOS,ZAMORA,-3.2,-6.279722222222222,41.94138888888889,850
2021-01-10,9981A,ESTACIÓN DE TORTOSA (ROQUETES),TARRAGONA,2.4,0.49333333333333335,40.82027777777778,50
2021-01-10,3434X,NAVALMORAL DE LA MATA,CACERES,-1.5,-5.5825,39.94583333333333,269
2021-01-10,1041A,ZUMAIA,GIPUZKOA,2.3,-2.2511111111111113,43.30222222222222,28
2021-01-10,4267X,HINOJOSA DEL DUQUE,CORDOBA,-0.3,-5.1211111111111105,38.49861111111111,551
2021-01-10,9294E,"BARDENAS REALES, BASE AÉREA",NAVARRA,-0.4,-1.475277777777778,42.198611111111106,295
2021-01-10,4386B,LLERENA,BADAJOZ,-0.3,-6.016944444444444,38.23166666666667,655
2021-01-10,4452,BADAJOZ AEROPUERTO,BADAJOZ,0.3,-6.813888888888889,38.88333333333333,185
2021-01-10,3391,SOTILLO DE LA ADRADA,AVILA,-0.2,-4.590833333333333,40.28861111111111,630
2021-01-10,5390Y,VILLANUEVA DE CÓRDOBA,CORDOBA,-1.1,-4.608888888888888,38.33305555555556,750
2021-01-10,9263X,"ARANGUREN, ILUNDAIN",NAVARRA,-4.9,-1.5325,42.77611111111111,572
2021-01-10,3111D,SOMOSIERRA,MADRID,-6.9,-3.5802777777777774,41.135555555555555,1450
2021-01-10,3013,MOLINA DE ARAGÓN,GUADALAJARA,-6.1,-1.8788888888888888,40.84166666666667,1062
2021-01-10,8293X,XÀTIVA,VALENCIA,0.3,-0.5236111111111111,39.001666666666665,88
2021-01-10,0372C,PORQUERES,GIRONA,2.2,2.763611111111111,42.10444444444445,157
2021-01-10,5704B,CAZALLA DE LA SIERRA,SEVILLA,0.2,-5.769722222222222,37.92638888888889,550
2021-01-10,8414A,VALENCIA AEROPUERTO,VALENCIA,-0.9,-0.4747222222222222,39.485,56
2021-01-10,1735X,XINZO DE LIMIA,OURENSE,-4.4,-7.733611111111111,42.07916666666667,616
2021-01-10,5270B,JAÉN,JAEN,0.6,-3.8088888888888888,37.777499999999996,580
2021-01-10,1700X,O CARBALLIÑO,OURENSE,1.5,-8.092500000000001,42.421388888888885,400
2021-01-10,3526X,CORIA,CACERES,-0.1,-6.5575,40.00361111111111,313
2021-01-10,1387,A CORUÑA,A CORUÑA,6.8,-8.421388888888888,43.365833333333335,58
2021-01-10,9381I,CALAMOCHA,TERUEL,-3.7,-1.2933333333333332,40.92611111111111,890
2021-01-10,4121,CIUDAD REAL,CIUDAD REAL,-1.6,-3.9202777777777778,38.98916666666667,628
2021-01-10,8177A,CHINCHILLA,ALBACETE,-4.6,-1.66,38.93583333333333,880
2021-01-10,1183X,LLANES,ASTURIAS,5,-4.748055555555555,43.42027777777778,10
2021-01-10,8368U,TERUEL,TERUEL,-4.1,-1.1241666666666668,40.35055555555556,900
2021-01-10,8178D,ALBACETE,ALBACETE,-3.6,-1.8622222222222222,39.00555555555555,676
2021-01-10,8416Y,"VALÈNCIA, VIVEROS",VALENCIA,2.6,-0.3663888888888889,39.480555555555554,11
2021-01-10,5783,SEVILLA AEROPUERTO,SEVILLA,2.3,-5.879166666666667,37.416666666666664,34
2021-01-10,1400,FISTERRA,A CORUÑA,4.8,-9.29138888888889,42.92472222222222,230
2021-01-10,6156X,"MÁLAGA, CENTRO METEOROLÓGICO",MALAGA,4.5,-4.4816666666666665,36.717777777777776,54
2021-01-10,5530E,GRANADA AEROPUERTO,GRANADA,-2,-3.7894444444444444,37.189722222222215,567
2021-01-10,6084X,FUENGIROLA,MALAGA,5.7,-4.618333333333334,36.53861111111111,8
2021-01-10,1078I,GÜEÑES,BIZKAIA,1.2,-3.104722222222222,43.20333333333333,208
2021-01-10,9208E,ARAGÜÉS DEL PUERTO,HUESCA,-3.6,-0.6730555555555555,42.70888888888889,1040
2021-01-10,0200E,"BARCELONA, FABRA",BARCELONA,2.3,2.1241666666666665,41.41833333333333,408
2021-01-10,9019B,"VALDERREDIBLE, POLIENTES",CANTABRIA,0,-3.933888888888889,42.80638888888888,720
2021-01-10,2946X,SAELICES EL CHICO,SALAMANCA,-0.9,-6.6,40.635,680
2021-01-10,1549,PONFERRADA,LEON,-2.9,-6.6,42.56388888888888,534
2021-01-10,4147X,VALDEPEÑAS,CIUDAD REAL,-0.8,-3.391388888888889,38.75055555555556,700
2021-01-10,2400E,AUTILLA DEL PINO,PALENCIA,-2.6,-4.602777777777778,41.995555555555555,874
2021-01-10,5000C,CEUTA,CEUTA,5.3,-5.3469444444444445,35.88861111111111,87
2021-01-10,9051,MEDINA DE POMAR,BURGOS,-0.3,-3.4827777777777778,42.919999999999995,580
2021-01-10,7275C,YECLA,MURCIA,-2.4,-1.159722222222222,38.60166666666667,640
2021-01-10,2298,PALACIOS DE LA SIERRA,BURGOS,-6,-3.131666666666667,41.959722222222226,1080
2021-01-10,3168D,GUADALAJARA,GUADALAJARA,-2.9,-3.15,40.63027777777778,721
2021-01-10,9585,LA MOLINA,GIRONA,-8.3,1.9394444444444445,42.3325,1703
2021-01-10,2462,PUERTO DE NAVACERRADA,MADRID,-8.5,-4.010555555555555,40.793055555555554,1894
2021-01-10,2630X,PUERTO DE SAN ISIDRO,LEON,-5.1,-5.376944444444444,43.06222222222222,1510
2021-01-10,B278,"PALMA DE MALLORCA, AEROPUERTO",ILLES BALEARS,8.7,2.736666666666667,39.56083333333333,8
2021-01-10,4244X,HERRERA DEL DUQUE,BADAJOZ,-0.6,-5.062222222222222,39.169444444444444,447
2021-01-10,2539,VALLADOLID AEROPUERTO,VALLADOLID,-1.9,-4.855555555555555,41.71194444444445,846
2021-01-10,7178I,MURCIA,MURCIA,4.6,-1.1708333333333334,38.00194444444445,61
2021-01-10,2444,ÁVILA,AVILA,-5.8,-4.680000000000001,40.659166666666664,1130
2021-01-10,6302A,ABLA,ALMERIA,0.1,-2.78,37.14138888888889,869
2021-01-10,3196,"MADRID, CUATRO VIENTOS",MADRID,-1.5,-3.786111111111111,40.37555555555556,690
2021-01-10,2030,SORIA,SORIA,-7.1,-2.4830555555555556,41.775,1082
2021-01-10,4560Y,ALAJAR,HUELVA,0.6,-6.675000000000001,37.868611111111115,572
2021-01-10,1050J,ELGOIBAR,GIPUZKOA,0.2,-2.413333333333333,43.20944444444445,119
2021-01-10,0149X,MANRESA,BARCELONA,2.3,1.840277777777778,41.72,291
2021-01-10,8309X,UTIEL,VALENCIA,-5.9,-1.2447222222222223,39.57555555555556,758
2021-01-10,1393,CABO VILÁN,A CORUÑA,7.4,-9.210833333333333,43.160555555555554,50
2021-01-10,1495,VIGO AEROPUERTO,PONTEVEDRA,3,-8.623888888888889,42.23861111111111,261
2021-01-10,1249X,OVIEDO,ASTURIAS,1,-5.874166666666667,43.35333333333333,336
2021-01-10,5582A,LOJA,GRANADA,,-4.152777777777779,37.16111111111111,760
2021-01-10,6155A,MÁLAGA AEROPUERTO,MALAGA,3.9,-4.482222222222222,36.66611111111111,5
2021-01-10,3576X,VALENCIA DE ALCÁNTARA,CACERES,-0.6,-7.231111111111111,39.414722222222224,444
2021-01-10,2870,SALAMANCA,SALAMANCA,-2.1,-5.662222222222223,40.9575,775
2021-01-10,9201K,JACA,HUESCA,-5.9,-0.5469444444444445,42.57888888888889,823
2021-01-10,1351,ESTACA DE BARES,A CORUÑA,7.6,-7.684722222222223,43.78611111111111,80
2021-01-10,3266A,PUERTO ALTO DEL LEÓN,MADRID,-8.3,-4.141944444444444,40.70638888888889,1532
2021-01-10,1631E,A POBRA DE TRIVES,OURENSE,-3.5,-7.2825,42.339444444444446,840
2021-01-10,7012C,CARTAGENA,MURCIA,6.8,-0.9877777777777778,37.60111111111111,17
2021-01-10,1057B,MACHICHACO,BIZKAIA,,-2.7527777777777778,43.45388888888889,93
2021-01-10,3338,ROBLEDO DE CHAVELA,MADRID,-5.1,-4.25,40.42777777777778,763
2021-01-10,2374X,CARRIÓN DE LOS CONDES,PALENCIA,-1.4,-4.617222222222223,42.350833333333334,830
2021-01-10,1484C,PONTEVEDRA,PONTEVEDRA,4.7,-8.615833333333333,42.43833333333333,108
2021-01-10,0252D,ARENYS DE MAR,BARCELONA,4.8,2.54,41.587500000000006,74
2021-01-10,5911A,GRAZALEMA,CADIZ,-0.5,-5.3741666666666665,36.760555555555555,913
2021-01-10,1428,SANTIAGO DE COMPOSTELA AEROPUERTO,A CORUÑA,2.7,-8.410555555555556,42.88805555555555,370
2021-01-10,0201D,BARCELONA,BARCELONA,5.4,2.2,41.39055555555556,6
2021-01-10,9091O,FORONDA-TXOKIZA,ARABA/ALAVA,-1.2,-2.735,42.88194444444444,513
2021-01-10,3365A,TALAVERA DE LA REINA,TOLEDO,-1.3,-4.863611111111111,39.95861111111111,372
2021-01-10,5298X,ANDÚJAR,JAEN,-0.3,-4.0633333333333335,38.02305555555555,202
2021-01-10,6000A,MELILLA,MELILLA,8,-2.956388888888889,35.27638888888889,52
2021-01-10,5973,CÁDIZ,CADIZ,5.1,-6.257777777777778,36.499722222222225,2
2021-01-10,2916A,VITIGUDINO,SALAMANCA,-2.5,-6.437777777777778,41.01138888888889,769
2021-01-10,2150H,"LA PINILLA, ESTACIÓN DE ESQUÍ",SEGOVIA,-11.6,-3.475277777777778,41.19194444444444,1798
2021-01-10,9771C,LLEIDA,LLEIDA,0.1,0.5980555555555556,41.626111111111115,185
2021-01-10,9390,DAROCA,ZARAGOZA,-2.2,-1.41,41.114444444444445,779
2021-01-10,2614,ZAMORA,ZAMORA,-2.5,-5.735277777777778,41.51555555555556,656
2021-01-10,1208H,"GIJÓN, PUERTO",ASTURIAS,5.1,-5.700833333333334,43.559999999999995,5
2021-01-10,1037Y,ZUMARRAGA,GIPUZKOA,-2,-2.3175,43.080000000000005,420
2021-01-10,4511C,JEREZ DE LOS CABALLEROS,BADAJOZ,,-6.765,38.29861111111111,381
2021-01-10,9001D,REINOSA,CANTABRIA,-1.1,-4.160555555555556,42.99194444444444,870
2021-01-10,8096,CUENCA,CUENCA,-5.8,-2.1319444444444446,40.06722222222223,948
2021-01-10,6325O,ALMERÍA AEROPUERTO,ALMERIA,5.6,-2.3569444444444447,36.84638888888889,21
2021-01-10,1542,PUERTO DE LEITARIEGOS,ASTURIAS,-9.3,-6.4141666666666675,42.994166666666665,1530
2021-01-10,1111X,SANTANDER,CANTABRIA,3.3,-3.8005555555555555,43.49111111111111,52
2021-01-10,4642E,"HUELVA, RONDA ESTE",HUELVA,2.3,-6.911666666666667,37.27833333333333,19
2021-01-10,2422,VALLADOLID,VALLADOLID,-1.7,-4.754444444444444,41.64083333333333,735
2021-01-10,5910,"ROTA, BASE NAVAL",CADIZ,3.8,-6.3325,36.638888888888886,21
2021-01-10,9091R,VITORIA GASTEIZ AEROPUERTO,ARABA/ALAVA,-0.7,-2.7327777777777778,42.871944444444445,513
2021-01-10,4549Y,AYAMONTE,HUELVA,4.6,-7.3950000000000005,37.19472222222222,2
2021-01-10,3130C,SIGÜENZA,GUADALAJARA,-7.3,-2.618055555555556,41.08638888888889,1005
2021-01-10,2737E,LAGUNAS DE SOMOZA,LEON,-6.5,-6.196666666666667,42.3775,1020
2021-01-10,1210X,CABO PEÑAS,ASTURIAS,4.5,-5.8486111111111105,43.655833333333334,100
2021-01-10,B954,"IBIZA, AEROPUERTO",ILLES BALEARS,6.6,1.3844444444444444,38.87638888888889,6
2021-01-10,3469A,CÁCERES,CACERES,-0.3,-6.338888888888889,39.47138888888889,394
2021-01-10,8050X,JÁVEA/ XÀBIA,ALICANTE,3.2,0.16777777777777778,38.78361111111111,15
2021-01-10,9262,PAMPLONA,NAVARRA,-0.8,-1.6383333333333332,42.81777777777778,450
2021-01-10,6001,TARIFA,CADIZ,3.5,-5.598888888888888,36.013888888888886,32
2021-01-10,9263D,"PAMPLONA, AEROPUERTO",NAVARRA,-2.1,-1.65,42.776944444444446,459
2021-01-10,3044X,CAÑIZARES,CUENCA,-4.1,-2.15,40.530277777777776,928
2021-01-10,3195,"MADRID, RETIRO",MADRID,-0.8,-3.6780555555555554,40.411944444444444,667
2021-01-10,B893,"MENORCA, AEROPUERTO",ILLES BALEARS,8,4.2155555555555555,39.85472222222222,91
2021-01-10,9573X,ALCAÑIZ,TERUEL,0,-0.14166666666666666,41.058055555555555,334
2021-01-10,7119B,CARAVACA DE LA CRUZ,MURCIA,-0.2,-1.8772222222222223,38.1025,643
2021-01-10,0255B,SANTA SUSANNA,BARCELONA,3.4,2.6969444444444446,41.65083333333333,40
2021-01-10,5612B,LA RODA DE ANDALUCÍA,SEVILLA,0,-4.77,37.19444444444444,410
