<metadata xml:lang="es"><Esri><CreaDate>20200321</CreaDate><CreaTime>13413800</CreaTime><ArcGISFormat>1.0</ArcGISFormat><SyncOnce>FALSE</SyncOnce><DataProperties><itemProps><itemName Sync="TRUE">celdas_marzo_2020</itemName><imsContentType Sync="TRUE">002</imsContentType><itemLocation><linkage Sync="TRUE">file://\\PCSSPP02\C$\Shapefiles-Celdas\MAR_2020\celdas_marzo_2020.shp</linkage><protocol Sync="TRUE">Local Area Network</protocol></itemLocation><itemSize Sync="TRUE">0.000</itemSize></itemProps><coordRef><type Sync="TRUE">Projected</type><geogcsn Sync="TRUE">GCS_WGS_1984</geogcsn><csUnits Sync="TRUE">Linear Unit: Meter (1.000000)</csUnits><projcsn Sync="TRUE">WGS_1984_Web_Mercator_Auxiliary_Sphere</projcsn><peXml Sync="TRUE">&lt;ProjectedCoordinateSystem xsi:type='typens:ProjectedCoordinateSystem' xmlns:xsi='http://www.w3.org/2001/XMLSchema-instance' xmlns:xs='http://www.w3.org/2001/XMLSchema' xmlns:typens='http://www.esri.com/schemas/ArcGIS/2.4.0'&gt;&lt;WKT&gt;PROJCS[&amp;quot;WGS_1984_Web_Mercator_Auxiliary_Sphere&amp;quot;,GEOGCS[&amp;quot;GCS_WGS_1984&amp;quot;,DATUM[&amp;quot;D_WGS_1984&amp;quot;,SPHEROID[&amp;quot;WGS_1984&amp;quot;,6378137.0,298.257223563]],PRIMEM[&amp;quot;Greenwich&amp;quot;,0.0],UNIT[&amp;quot;Degree&amp;quot;,0.0174532925199433]],PROJECTION[&amp;quot;Mercator_Auxiliary_Sphere&amp;quot;],PARAMETER[&amp;quot;False_Easting&amp;quot;,0.0],PARAMETER[&amp;quot;False_Northing&amp;quot;,0.0],PARAMETER[&amp;quot;Central_Meridian&amp;quot;,0.0],PARAMETER[&amp;quot;Standard_Parallel_1&amp;quot;,0.0],PARAMETER[&amp;quot;Auxiliary_Sphere_Type&amp;quot;,0.0],UNIT[&amp;quot;Meter&amp;quot;,1.0],AUTHORITY[&amp;quot;EPSG&amp;quot;,3857]]&lt;/WKT&gt;&lt;XOrigin&gt;-20037700&lt;/XOrigin&gt;&lt;YOrigin&gt;-30241100&lt;/YOrigin&gt;&lt;XYScale&gt;148923141.92838538&lt;/XYScale&gt;&lt;ZOrigin&gt;-100000&lt;/ZOrigin&gt;&lt;ZScale&gt;10000&lt;/ZScale&gt;&lt;MOrigin&gt;-100000&lt;/MOrigin&gt;&lt;MScale&gt;10000&lt;/MScale&gt;&lt;XYTolerance&gt;0.001&lt;/XYTolerance&gt;&lt;ZTolerance&gt;0.001&lt;/ZTolerance&gt;&lt;MTolerance&gt;0.001&lt;/MTolerance&gt;&lt;HighPrecision&gt;true&lt;/HighPrecision&gt;&lt;WKID&gt;102100&lt;/WKID&gt;&lt;LatestWKID&gt;3857&lt;/LatestWKID&gt;&lt;/ProjectedCoordinateSystem&gt;</peXml></coordRef><lineage><Process ToolSource="c:\program files (x86)\arcgis\desktop10.5\ArcToolbox\Toolboxes\Analysis Tools.tbx\Union" Date="20190610" Time="104157">Union "Municipios_2018 #;subcities_2018_pob #;Distritos_2018 #" "F:\DWEB\Proyecto Urban Audit\SIOSE\Prueba_moviles.gdb\Cataluña_combinada" ALL # GAPS</Process><Process ToolSource="c:\program files (x86)\arcgis\desktop10.5\ArcToolbox\Toolboxes\Data Management Tools.tbx\CalculateField" Date="20190610" Time="120259">CalculateField Cataluña_combinada pob2 "[pob18]+ [POB_2018]+ [SUM_of_pob]" VB #</Process><Process ToolSource="c:\program files (x86)\arcgis\desktop10.5\ArcToolbox\Toolboxes\Analysis Tools.tbx\Union" Date="20190618" Time="083559">Union "Catalunya_combinada #;subcities_2018_pob #" C:\Users\Administrador\Documents\ArcGIS\Default.gdb\Catalunya_combinada_Union ALL # GAPS</Process><Process ToolSource="c:\program files (x86)\arcgis\desktop10.5\ArcToolbox\Toolboxes\Data Management Tools.tbx\CalculateField" Date="20190618" Time="084052">CalculateField Catalunya_combinada_Union pob2 "[pob18]+ [POB_2018]+ [SUM_of_pob]+ [SUM_of_pob_1]" VB #</Process><Process ToolSource="c:\program files (x86)\arcgis\desktop10.6\ArcToolbox\Toolboxes\Data Management Tools.tbx\Merge" Date="20190621" Time="100343">Merge Catalunya_combinada_Union;Aragon_combinada F:\DWEB\DWEB2\PRUEBAS\Pruebas_mov.gdb\Aragon_Cata "CUMUN "CUMUN" true true false 5 Text 0 0 ,First,#,Catalunya_combinada_Union,CUMUN,-1,-1,Aragon_combinada,CUMUN,-1,-1;CMUN "CMUN" true true false 3 Text 0 0 ,First,#,Catalunya_combinada_Union,CMUN,-1,-1,Aragon_combinada,CMUN,-1,-1;CPRO "CPRO" true true false 2 Text 0 0 ,First,#,Catalunya_combinada_Union,CPRO,-1,-1,Aragon_combinada,CPRO,-1,-1;CCA "CCA" true true false 2 Text 0 0 ,First,#,Catalunya_combinada_Union,CCA,-1,-1,Aragon_combinada,CCA,-1,-1;CLAU2 "CLAU2" true true false 5 Text 0 0 ,First,#,Catalunya_combinada_Union,CLAU2,-1,-1,Aragon_combinada,CLAU2,-1,-1;NPRO "NPRO" true true false 50 Text 0 0 ,First,#,Catalunya_combinada_Union,NPRO,-1,-1,Aragon_combinada,NPRO,-1,-1;NCA "NCA" true true false 50 Text 0 0 ,First,#,Catalunya_combinada_Union,NCA,-1,-1,Aragon_combinada,NCA,-1,-1;CNUT0 "CNUT0" true true false 2 Text 0 0 ,First,#,Catalunya_combinada_Union,CNUT0,-1,-1,Aragon_combinada,CNUT0,-1,-1;CNUT1 "CNUT1" true true false 1 Text 0 0 ,First,#,Catalunya_combinada_Union,CNUT1,-1,-1,Aragon_combinada,CNUT1,-1,-1;CNUT2 "CNUT2" true true false 1 Text 0 0 ,First,#,Catalunya_combinada_Union,CNUT2,-1,-1,Aragon_combinada,CNUT2,-1,-1;CNUT3 "CNUT3" true true false 1 Text 0 0 ,First,#,Catalunya_combinada_Union,CNUT3,-1,-1,Aragon_combinada,CNUT3,-1,-1;NMUN "NMUN" true true false 50 Text 0 0 ,First,#,Catalunya_combinada_Union,NMUN,-1,-1,Aragon_combinada,NMUN,-1,-1;pob18 "pob18" true true false 4 Long 0 0 ,First,#,Catalunya_combinada_Union,pob18,-1,-1,Aragon_combinada,pob18,-1,-1;Zonas "Zonas" true true false 2 Short 0 0 ,First,#,Catalunya_combinada_Union,Zonas,-1,-1,Aragon_combinada,Zonas,-1,-1;FID_Distritos_2018 "FID_Distritos_2018" true true false 4 Long 0 0 ,First,#,Catalunya_combinada_Union,FID_Distritos_2018,-1,-1,Aragon_combinada,FID_Distritos_2018,-1,-1;CUDIS "CUDIS" true true false 7 Text 0 0 ,First,#,Catalunya_combinada_Union,CUDIS,-1,-1,Aragon_combinada,CUDIS,-1,-1;POB_2018 "POB_2018" true true false 4 Long 0 0 ,First,#,Catalunya_combinada_Union,POB_2018,-1,-1,Aragon_combinada,POB_2018,-1,-1;NPRO_1 "NPRO" true true false 50 Text 0 0 ,First,#,Catalunya_combinada_Union,NPRO_1,-1,-1,Aragon_combinada,NPRO_1,-1,-1;CUMUN_1 "CUMUN" true true false 50 Text 0 0 ,First,#,Catalunya_combinada_Union,CUMUN_1,-1,-1,Aragon_combinada,CUMUN_1,-1,-1;NMUN_1 "NMUN" true true false 50 Text 0 0 ,First,#,Catalunya_combinada_Union,NMUN_1,-1,-1,Aragon_combinada,NMUN_1,-1,-1;FID_subcities_2018_pob "FID_subcities_2018_pob" true true false 4 Long 0 0 ,First,#,Catalunya_combinada_Union,FID_subcities_2018_pob,-1,-1,Aragon_combinada,FID_subcities_2018_pob,-1,-1;CUMUN_12 "CUMUN" true true false 5 Text 0 0 ,First,#,Catalunya_combinada_Union,CUMUN_12,-1,-1,Aragon_combinada,CUMUN_12,-1,-1;COD_SCD "COD_SCD" true true false 255 Text 0 0 ,First,#,Catalunya_combinada_Union,COD_SCD,-1,-1,Aragon_combinada,COD_SCD,-1,-1;COD_LITERAL "COD_LITERAL" true true false 255 Text 0 0 ,First,#,Catalunya_combinada_Union,COD_LITERAL,-1,-1,Aragon_combinada,COD_LITERAL,-1,-1;SUM_of_pob "SUM_of_pob" true true false 8 Double 0 0 ,First,#,Catalunya_combinada_Union,SUM_of_pob,-1,-1,Aragon_combinada,SUM_of_pob,-1,-1;ID_GRUPO "ID_GRUPO" true true false 50 Text 0 0 ,First,#,Catalunya_combinada_Union,ID_GRUPO,-1,-1,Aragon_combinada,ID_Grupo,-1,-1;pob2 "pob2" true true false 4 Long 0 0 ,First,#,Catalunya_combinada_Union,pob2,-1,-1,Aragon_combinada,pob2,-1,-1;FID_subcities_2018_pob_1 "FID_subcities_2018_pob" true true false 4 Long 0 0 ,First,#,Catalunya_combinada_Union,FID_subcities_2018_pob_1,-1,-1;CUMUN_12_13 "CUMUN" true true false 5 Text 0 0 ,First,#,Catalunya_combinada_Union,CUMUN_12_13,-1,-1;COD_SCD_1 "COD_SCD" true true false 255 Text 0 0 ,First,#,Catalunya_combinada_Union,COD_SCD_1,-1,-1;COD_LITERAL_1 "COD_LITERAL" true true false 255 Text 0 0 ,First,#,Catalunya_combinada_Union,COD_LITERAL_1,-1,-1;SUM_of_pob_1 "SUM_of_pob" true true false 8 Double 0 0 ,First,#,Catalunya_combinada_Union,SUM_of_pob_1,-1,-1;Shape_Length "Shape_Length" false true true 8 Double 0 0 ,First,#,Catalunya_combinada_Union,Shape_Length,-1,-1,Aragon_combinada,Shape_Length,-1,-1;Shape_Area "Shape_Area" false true true 8 Double 0 0 ,First,#,Catalunya_combinada_Union,Shape_Area,-1,-1,Aragon_combinada,Shape_Area,-1,-1"</Process><Process ToolSource="c:\program files (x86)\arcgis\desktop10.6\ArcToolbox\Toolboxes\Data Management Tools.tbx\Merge" Date="20190621" Time="100659">Merge Aragon_Cata;Navarra_combinada F:\DWEB\DWEB2\PRUEBAS\Pruebas_mov.gdb\adeNavarra "CUMUN "CUMUN" true true false 5 Text 0 0 ,First,#,Aragon_Cata,CUMUN,-1,-1,Navarra_combinada,CUMUN,-1,-1;CMUN "CMUN" true true false 3 Text 0 0 ,First,#,Aragon_Cata,CMUN,-1,-1,Navarra_combinada,CMUN,-1,-1;CPRO "CPRO" true true false 2 Text 0 0 ,First,#,Aragon_Cata,CPRO,-1,-1,Navarra_combinada,CPRO,-1,-1;CCA "CCA" true true false 2 Text 0 0 ,First,#,Aragon_Cata,CCA,-1,-1,Navarra_combinada,CCA,-1,-1;CLAU2 "CLAU2" true true false 5 Text 0 0 ,First,#,Aragon_Cata,CLAU2,-1,-1,Navarra_combinada,CLAU2,-1,-1;NPRO "NPRO" true true false 50 Text 0 0 ,First,#,Aragon_Cata,NPRO,-1,-1,Navarra_combinada,NPRO,-1,-1;NCA "NCA" true true false 50 Text 0 0 ,First,#,Aragon_Cata,NCA,-1,-1,Navarra_combinada,NCA,-1,-1;CNUT0 "CNUT0" true true false 2 Text 0 0 ,First,#,Aragon_Cata,CNUT0,-1,-1,Navarra_combinada,CNUT0,-1,-1;CNUT1 "CNUT1" true true false 1 Text 0 0 ,First,#,Aragon_Cata,CNUT1,-1,-1,Navarra_combinada,CNUT1,-1,-1;CNUT2 "CNUT2" true true false 1 Text 0 0 ,First,#,Aragon_Cata,CNUT2,-1,-1,Navarra_combinada,CNUT2,-1,-1;CNUT3 "CNUT3" true true false 1 Text 0 0 ,First,#,Aragon_Cata,CNUT3,-1,-1,Navarra_combinada,CNUT3,-1,-1;NMUN "NMUN" true true false 50 Text 0 0 ,First,#,Aragon_Cata,NMUN,-1,-1,Navarra_combinada,NMUN,-1,-1;pob18 "pob18" true true false 4 Long 0 0 ,First,#,Aragon_Cata,pob18,-1,-1,Navarra_combinada,pob18,-1,-1;Zonas "Zonas" true true false 2 Short 0 0 ,First,#,Aragon_Cata,Zonas,-1,-1,Navarra_combinada,Zonas,-1,-1;FID_Distritos_2018 "FID_Distritos_2018" true true false 4 Long 0 0 ,First,#,Aragon_Cata,FID_Distritos_2018,-1,-1,Navarra_combinada,FID_Distritos_2018,-1,-1;CUDIS "CUDIS" true true false 7 Text 0 0 ,First,#,Aragon_Cata,CUDIS,-1,-1,Navarra_combinada,CUDIS,-1,-1;POB_2018 "POB_2018" true true false 4 Long 0 0 ,First,#,Aragon_Cata,POB_2018,-1,-1,Navarra_combinada,POB_2018,-1,-1;NPRO_1 "NPRO" true true false 50 Text 0 0 ,First,#,Aragon_Cata,NPRO_1,-1,-1,Navarra_combinada,NPRO_1,-1,-1;CUMUN_1 "CUMUN" true true false 50 Text 0 0 ,First,#,Aragon_Cata,CUMUN_1,-1,-1,Navarra_combinada,CUMUN_1,-1,-1;NMUN_1 "NMUN" true true false 50 Text 0 0 ,First,#,Aragon_Cata,NMUN_1,-1,-1,Navarra_combinada,NMUN_1,-1,-1;FID_subcities_2018_pob "FID_subcities_2018_pob" true true false 4 Long 0 0 ,First,#,Aragon_Cata,FID_subcities_2018_pob,-1,-1;CUMUN_12 "CUMUN" true true false 5 Text 0 0 ,First,#,Aragon_Cata,CUMUN_12,-1,-1;COD_SCD "COD_SCD" true true false 255 Text 0 0 ,First,#,Aragon_Cata,COD_SCD,-1,-1;COD_LITERAL "COD_LITERAL" true true false 255 Text 0 0 ,First,#,Aragon_Cata,COD_LITERAL,-1,-1;SUM_of_pob "SUM_of_pob" true true false 8 Double 0 0 ,First,#,Aragon_Cata,SUM_of_pob,-1,-1;ID_GRUPO "ID_GRUPO" true true false 50 Text 0 0 ,First,#,Aragon_Cata,ID_GRUPO,-1,-1,Navarra_combinada,ID_GRUPO,-1,-1;pob2 "pob2" true true false 4 Long 0 0 ,First,#,Aragon_Cata,pob2,-1,-1,Navarra_combinada,pob2,-1,-1;FID_subcities_2018_pob_1 "FID_subcities_2018_pob" true true false 4 Long 0 0 ,First,#,Aragon_Cata,FID_subcities_2018_pob_1,-1,-1;CUMUN_12_13 "CUMUN" true true false 5 Text 0 0 ,First,#,Aragon_Cata,CUMUN_12_13,-1,-1;COD_SCD_1 "COD_SCD" true true false 255 Text 0 0 ,First,#,Aragon_Cata,COD_SCD_1,-1,-1;COD_LITERAL_1 "COD_LITERAL" true true false 255 Text 0 0 ,First,#,Aragon_Cata,COD_LITERAL_1,-1,-1;SUM_of_pob_1 "SUM_of_pob" true true false 8 Double 0 0 ,First,#,Aragon_Cata,SUM_of_pob_1,-1,-1;Shape_Length "Shape_Length" false true true 8 Double 0 0 ,First,#,Aragon_Cata,Shape_Length,-1,-1,Navarra_combinada,Shape_Length,-1,-1;Shape_Area "Shape_Area" false true true 8 Double 0 0 ,First,#,Aragon_Cata,Shape_Area,-1,-1,Navarra_combinada,Shape_Area,-1,-1"</Process><Process ToolSource="c:\program files (x86)\arcgis\desktop10.6\ArcToolbox\Toolboxes\Data Management Tools.tbx\Merge" Date="20190621" Time="101723">Merge adeNavarra;Vitoria_combinada F:\DWEB\DWEB2\PRUEBAS\Pruebas_mov.gdb\adeVitoria "CUMUN "CUMUN" true true false 5 Text 0 0 ,First,#,adeNavarra,CUMUN,-1,-1,Vitoria_combinada,CUMUN,-1,-1;CMUN "CMUN" true true false 3 Text 0 0 ,First,#,adeNavarra,CMUN,-1,-1,Vitoria_combinada,CMUN,-1,-1;CPRO "CPRO" true true false 2 Text 0 0 ,First,#,adeNavarra,CPRO,-1,-1,Vitoria_combinada,CPRO,-1,-1;CCA "CCA" true true false 2 Text 0 0 ,First,#,adeNavarra,CCA,-1,-1,Vitoria_combinada,CCA,-1,-1;CLAU2 "CLAU2" true true false 5 Text 0 0 ,First,#,adeNavarra,CLAU2,-1,-1,Vitoria_combinada,CLAU2,-1,-1;NPRO "NPRO" true true false 50 Text 0 0 ,First,#,adeNavarra,NPRO,-1,-1,Vitoria_combinada,NPRO,-1,-1;NCA "NCA" true true false 50 Text 0 0 ,First,#,adeNavarra,NCA,-1,-1,Vitoria_combinada,NCA,-1,-1;CNUT0 "CNUT0" true true false 2 Text 0 0 ,First,#,adeNavarra,CNUT0,-1,-1,Vitoria_combinada,CNUT0,-1,-1;CNUT1 "CNUT1" true true false 1 Text 0 0 ,First,#,adeNavarra,CNUT1,-1,-1,Vitoria_combinada,CNUT1,-1,-1;CNUT2 "CNUT2" true true false 1 Text 0 0 ,First,#,adeNavarra,CNUT2,-1,-1,Vitoria_combinada,CNUT2,-1,-1;CNUT3 "CNUT3" true true false 1 Text 0 0 ,First,#,adeNavarra,CNUT3,-1,-1,Vitoria_combinada,CNUT3,-1,-1;NMUN "NMUN" true true false 50 Text 0 0 ,First,#,adeNavarra,NMUN,-1,-1,Vitoria_combinada,NMUN,-1,-1;pob18 "pob18" true true false 4 Long 0 0 ,First,#,adeNavarra,pob18,-1,-1,Vitoria_combinada,pob18,-1,-1;Zonas "Zonas" true true false 2 Short 0 0 ,First,#,adeNavarra,Zonas,-1,-1,Vitoria_combinada,Zonas,-1,-1;FID_Distritos_2018 "FID_Distritos_2018" true true false 4 Long 0 0 ,First,#,adeNavarra,FID_Distritos_2018,-1,-1,Vitoria_combinada,FID_Distritos_2018,-1,-1;CUDIS "CUDIS" true true false 7 Text 0 0 ,First,#,adeNavarra,CUDIS,-1,-1,Vitoria_combinada,CUDIS,-1,-1;POB_2018 "POB_2018" true true false 4 Long 0 0 ,First,#,adeNavarra,POB_2018,-1,-1,Vitoria_combinada,POB_2018,-1,-1;NPRO_1 "NPRO" true true false 50 Text 0 0 ,First,#,adeNavarra,NPRO_1,-1,-1,Vitoria_combinada,NPRO_1,-1,-1;CUMUN_1 "CUMUN" true true false 50 Text 0 0 ,First,#,adeNavarra,CUMUN_1,-1,-1,Vitoria_combinada,CUMUN_1,-1,-1;NMUN_1 "NMUN" true true false 50 Text 0 0 ,First,#,adeNavarra,NMUN_1,-1,-1,Vitoria_combinada,NMUN_1,-1,-1;FID_subcities_2018_pob "FID_subcities_2018_pob" true true false 4 Long 0 0 ,First,#,adeNavarra,FID_subcities_2018_pob,-1,-1;CUMUN_12 "CUMUN" true true false 5 Text 0 0 ,First,#,adeNavarra,CUMUN_12,-1,-1;COD_SCD "COD_SCD" true true false 255 Text 0 0 ,First,#,adeNavarra,COD_SCD,-1,-1;COD_LITERAL "COD_LITERAL" true true false 255 Text 0 0 ,First,#,adeNavarra,COD_LITERAL,-1,-1;SUM_of_pob "SUM_of_pob" true true false 8 Double 0 0 ,First,#,adeNavarra,SUM_of_pob,-1,-1;ID_GRUPO "ID_GRUPO" true true false 50 Text 0 0 ,First,#,adeNavarra,ID_GRUPO,-1,-1,Vitoria_combinada,ID_GRUPO,-1,-1;pob2 "pob2" true true false 4 Long 0 0 ,First,#,adeNavarra,pob2,-1,-1;FID_subcities_2018_pob_1 "FID_subcities_2018_pob" true true false 4 Long 0 0 ,First,#,adeNavarra,FID_subcities_2018_pob_1,-1,-1;CUMUN_12_13 "CUMUN" true true false 5 Text 0 0 ,First,#,adeNavarra,CUMUN_12_13,-1,-1;COD_SCD_1 "COD_SCD" true true false 255 Text 0 0 ,First,#,adeNavarra,COD_SCD_1,-1,-1;COD_LITERAL_1 "COD_LITERAL" true true false 255 Text 0 0 ,First,#,adeNavarra,COD_LITERAL_1,-1,-1;SUM_of_pob_1 "SUM_of_pob" true true false 8 Double 0 0 ,First,#,adeNavarra,SUM_of_pob_1,-1,-1;Shape_Length "Shape_Length" false true true 8 Double 0 0 ,First,#,adeNavarra,Shape_Length,-1,-1,Vitoria_combinada,Shape_Length,-1,-1;Shape_Area "Shape_Area" false true true 8 Double 0 0 ,First,#,adeNavarra,Shape_Area,-1,-1,Vitoria_combinada,Shape_Area,-1,-1;FID_Municipios_2018 "FID_Municipios_2018" true true false 4 Long 0 0 ,First,#,Vitoria_combinada,FID_Municipios_2018,-1,-1;pob_2 "pob_2" true true false 2 Short 0 0 ,First,#,Vitoria_combinada,pob_2,-1,-1;pob_23 "pob_23" true true false 4 Long 0 0 ,First,#,Vitoria_combinada,pob_23,-1,-1;pob_22 "pob_22" true true false 4 Long 0 0 ,First,#,Vitoria_combinada,pob_22,-1,-1"</Process><Process ToolSource="c:\program files (x86)\arcgis\desktop10.6\ArcToolbox\Toolboxes\Data Management Tools.tbx\CalculateField" Date="20190621" Time="101835">CalculateField adeVitoria pob2 [pob_23] VB #</Process><Process ToolSource="c:\program files (x86)\arcgis\desktop10.6\ArcToolbox\Toolboxes\Data Management Tools.tbx\Merge" Date="20190621" Time="102327">Merge adeVitoria;CyL_combinada F:\DWEB\DWEB2\PRUEBAS\Pruebas_mov.gdb\adeCYL "CUMUN "CUMUN" true true false 5 Text 0 0 ,First,#,adeVitoria,CUMUN,-1,-1,CyL_combinada,CUMUN,-1,-1;CMUN "CMUN" true true false 3 Text 0 0 ,First,#,adeVitoria,CMUN,-1,-1,CyL_combinada,CMUN,-1,-1;CPRO "CPRO" true true false 2 Text 0 0 ,First,#,adeVitoria,CPRO,-1,-1,CyL_combinada,CPRO,-1,-1;CCA "CCA" true true false 2 Text 0 0 ,First,#,adeVitoria,CCA,-1,-1,CyL_combinada,CCA,-1,-1;CLAU2 "CLAU2" true true false 5 Text 0 0 ,First,#,adeVitoria,CLAU2,-1,-1,CyL_combinada,CLAU2,-1,-1;NPRO "NPRO" true true false 50 Text 0 0 ,First,#,adeVitoria,NPRO,-1,-1,CyL_combinada,NPRO,-1,-1;NCA "NCA" true true false 50 Text 0 0 ,First,#,adeVitoria,NCA,-1,-1,CyL_combinada,NCA,-1,-1;CNUT0 "CNUT0" true true false 2 Text 0 0 ,First,#,adeVitoria,CNUT0,-1,-1,CyL_combinada,CNUT0,-1,-1;CNUT1 "CNUT1" true true false 1 Text 0 0 ,First,#,adeVitoria,CNUT1,-1,-1,CyL_combinada,CNUT1,-1,-1;CNUT2 "CNUT2" true true false 1 Text 0 0 ,First,#,adeVitoria,CNUT2,-1,-1,CyL_combinada,CNUT2,-1,-1;CNUT3 "CNUT3" true true false 1 Text 0 0 ,First,#,adeVitoria,CNUT3,-1,-1,CyL_combinada,CNUT3,-1,-1;NMUN "NMUN" true true false 50 Text 0 0 ,First,#,adeVitoria,NMUN,-1,-1,CyL_combinada,NMUN,-1,-1;pob18 "pob18" true true false 4 Long 0 0 ,First,#,adeVitoria,pob18,-1,-1,CyL_combinada,pob18,-1,-1;Zonas "Zonas" true true false 2 Short 0 0 ,First,#,adeVitoria,Zonas,-1,-1,CyL_combinada,Zonas,-1,-1;FID_Distritos_2018 "FID_Distritos_2018" true true false 4 Long 0 0 ,First,#,adeVitoria,FID_Distritos_2018,-1,-1,CyL_combinada,FID_Distritos_2018,-1,-1;CUDIS "CUDIS" true true false 7 Text 0 0 ,First,#,adeVitoria,CUDIS,-1,-1,CyL_combinada,CUDIS,-1,-1;POB_2018 "POB_2018" true true false 4 Long 0 0 ,First,#,adeVitoria,POB_2018,-1,-1,CyL_combinada,POB_2018,-1,-1;NPRO_1 "NPRO" true true false 50 Text 0 0 ,First,#,adeVitoria,NPRO_1,-1,-1,CyL_combinada,NPRO_1,-1,-1;CUMUN_1 "CUMUN" true true false 50 Text 0 0 ,First,#,adeVitoria,CUMUN_1,-1,-1,CyL_combinada,CUMUN_1,-1,-1;NMUN_1 "NMUN" true true false 50 Text 0 0 ,First,#,adeVitoria,NMUN_1,-1,-1,CyL_combinada,NMUN_1,-1,-1;FID_subcities_2018_pob "FID_subcities_2018_pob" true true false 4 Long 0 0 ,First,#,adeVitoria,FID_subcities_2018_pob,-1,-1;CUMUN_12 "CUMUN" true true false 5 Text 0 0 ,First,#,adeVitoria,CUMUN_12,-1,-1;COD_SCD "COD_SCD" true true false 255 Text 0 0 ,First,#,adeVitoria,COD_SCD,-1,-1;COD_LITERAL "COD_LITERAL" true true false 255 Text 0 0 ,First,#,adeVitoria,COD_LITERAL,-1,-1;SUM_of_pob "SUM_of_pob" true true false 8 Double 0 0 ,First,#,adeVitoria,SUM_of_pob,-1,-1;ID_GRUPO "ID_GRUPO" true true false 50 Text 0 0 ,First,#,adeVitoria,ID_GRUPO,-1,-1,CyL_combinada,ID_GRUPO,-1,-1;pob2 "pob2" true true false 4 Long 0 0 ,First,#,adeVitoria,pob2,-1,-1,CyL_combinada,pob2,-1,-1;FID_subcities_2018_pob_1 "FID_subcities_2018_pob" true true false 4 Long 0 0 ,First,#,adeVitoria,FID_subcities_2018_pob_1,-1,-1;CUMUN_12_13 "CUMUN" true true false 5 Text 0 0 ,First,#,adeVitoria,CUMUN_12_13,-1,-1;COD_SCD_1 "COD_SCD" true true false 255 Text 0 0 ,First,#,adeVitoria,COD_SCD_1,-1,-1;COD_LITERAL_1 "COD_LITERAL" true true false 255 Text 0 0 ,First,#,adeVitoria,COD_LITERAL_1,-1,-1;SUM_of_pob_1 "SUM_of_pob" true true false 8 Double 0 0 ,First,#,adeVitoria,SUM_of_pob_1,-1,-1;FID_Municipios_2018 "FID_Municipios_2018" true true false 4 Long 0 0 ,First,#,adeVitoria,FID_Municipios_2018,-1,-1,CyL_combinada,FID_Municipios_2018,-1,-1;Shape_Length "Shape_Length" false true true 8 Double 0 0 ,First,#,adeVitoria,Shape_Length,-1,-1,CyL_combinada,Shape_Length,-1,-1;Shape_Area "Shape_Area" false true true 8 Double 0 0 ,First,#,adeVitoria,Shape_Area,-1,-1,CyL_combinada,Shape_Area,-1,-1"</Process><Process ToolSource="c:\program files (x86)\arcgis\desktop10.6\ArcToolbox\Toolboxes\Data Management Tools.tbx\Merge" Date="20190621" Time="102731">Merge adeCYL;Cantabria_combinada F:\DWEB\DWEB2\PRUEBAS\Pruebas_mov.gdb\adeCantabria "CUMUN "CUMUN" true true false 5 Text 0 0 ,First,#,adeCYL,CUMUN,-1,-1,Cantabria_combinada,CUMUN,-1,-1;CMUN "CMUN" true true false 3 Text 0 0 ,First,#,adeCYL,CMUN,-1,-1,Cantabria_combinada,CMUN,-1,-1;CPRO "CPRO" true true false 2 Text 0 0 ,First,#,adeCYL,CPRO,-1,-1,Cantabria_combinada,CPRO,-1,-1;CCA "CCA" true true false 2 Text 0 0 ,First,#,adeCYL,CCA,-1,-1,Cantabria_combinada,CCA,-1,-1;CLAU2 "CLAU2" true true false 5 Text 0 0 ,First,#,adeCYL,CLAU2,-1,-1,Cantabria_combinada,CLAU2,-1,-1;NPRO "NPRO" true true false 50 Text 0 0 ,First,#,adeCYL,NPRO,-1,-1,Cantabria_combinada,NPRO,-1,-1;NCA "NCA" true true false 50 Text 0 0 ,First,#,adeCYL,NCA,-1,-1,Cantabria_combinada,NCA,-1,-1;CNUT0 "CNUT0" true true false 2 Text 0 0 ,First,#,adeCYL,CNUT0,-1,-1,Cantabria_combinada,CNUT0,-1,-1;CNUT1 "CNUT1" true true false 1 Text 0 0 ,First,#,adeCYL,CNUT1,-1,-1,Cantabria_combinada,CNUT1,-1,-1;CNUT2 "CNUT2" true true false 1 Text 0 0 ,First,#,adeCYL,CNUT2,-1,-1,Cantabria_combinada,CNUT2,-1,-1;CNUT3 "CNUT3" true true false 1 Text 0 0 ,First,#,adeCYL,CNUT3,-1,-1,Cantabria_combinada,CNUT3,-1,-1;NMUN "NMUN" true true false 50 Text 0 0 ,First,#,adeCYL,NMUN,-1,-1,Cantabria_combinada,NMUN,-1,-1;pob18 "pob18" true true false 4 Long 0 0 ,First,#,adeCYL,pob18,-1,-1,Cantabria_combinada,pob18,-1,-1;Zonas "Zonas" true true false 2 Short 0 0 ,First,#,adeCYL,Zonas,-1,-1,Cantabria_combinada,Zonas,-1,-1;FID_Distritos_2018 "FID_Distritos_2018" true true false 4 Long 0 0 ,First,#,adeCYL,FID_Distritos_2018,-1,-1,Cantabria_combinada,FID_Distritos_2018,-1,-1;CUDIS "CUDIS" true true false 7 Text 0 0 ,First,#,adeCYL,CUDIS,-1,-1,Cantabria_combinada,CUDIS,-1,-1;POB_2018 "POB_2018" true true false 4 Long 0 0 ,First,#,adeCYL,POB_2018,-1,-1,Cantabria_combinada,POB_2018,-1,-1;NPRO_1 "NPRO" true true false 50 Text 0 0 ,First,#,adeCYL,NPRO_1,-1,-1,Cantabria_combinada,NPRO_1,-1,-1;CUMUN_1 "CUMUN" true true false 50 Text 0 0 ,First,#,adeCYL,CUMUN_1,-1,-1,Cantabria_combinada,CUMUN_1,-1,-1;NMUN_1 "NMUN" true true false 50 Text 0 0 ,First,#,adeCYL,NMUN_1,-1,-1,Cantabria_combinada,NMUN_1,-1,-1;FID_subcities_2018_pob "FID_subcities_2018_pob" true true false 4 Long 0 0 ,First,#,adeCYL,FID_subcities_2018_pob,-1,-1;CUMUN_12 "CUMUN" true true false 5 Text 0 0 ,First,#,adeCYL,CUMUN_12,-1,-1;COD_SCD "COD_SCD" true true false 255 Text 0 0 ,First,#,adeCYL,COD_SCD,-1,-1;COD_LITERAL "COD_LITERAL" true true false 255 Text 0 0 ,First,#,adeCYL,COD_LITERAL,-1,-1;SUM_of_pob "SUM_of_pob" true true false 8 Double 0 0 ,First,#,adeCYL,SUM_of_pob,-1,-1;ID_GRUPO "ID_GRUPO" true true false 50 Text 0 0 ,First,#,adeCYL,ID_GRUPO,-1,-1,Cantabria_combinada,ID_GRUPO,-1,-1;pob2 "pob2" true true false 4 Long 0 0 ,First,#,adeCYL,pob2,-1,-1,Cantabria_combinada,pob2,-1,-1;FID_subcities_2018_pob_1 "FID_subcities_2018_pob" true true false 4 Long 0 0 ,First,#,adeCYL,FID_subcities_2018_pob_1,-1,-1;CUMUN_12_13 "CUMUN" true true false 5 Text 0 0 ,First,#,adeCYL,CUMUN_12_13,-1,-1;COD_SCD_1 "COD_SCD" true true false 255 Text 0 0 ,First,#,adeCYL,COD_SCD_1,-1,-1;COD_LITERAL_1 "COD_LITERAL" true true false 255 Text 0 0 ,First,#,adeCYL,COD_LITERAL_1,-1,-1;SUM_of_pob_1 "SUM_of_pob" true true false 8 Double 0 0 ,First,#,adeCYL,SUM_of_pob_1,-1,-1;FID_Municipios_2018 "FID_Municipios_2018" true true false 4 Long 0 0 ,First,#,adeCYL,FID_Municipios_2018,-1,-1,Cantabria_combinada,FID_Municipios_2018,-1,-1;Shape_Length "Shape_Length" false true true 8 Double 0 0 ,First,#,adeCYL,Shape_Length,-1,-1,Cantabria_combinada,Shape_Length,-1,-1;Shape_Area "Shape_Area" false true true 8 Double 0 0 ,First,#,adeCYL,Shape_Area,-1,-1,Cantabria_combinada,Shape_Area,-1,-1"</Process><Process ToolSource="c:\program files (x86)\arcgis\desktop10.6\ArcToolbox\Toolboxes\Data Management Tools.tbx\Merge" Date="20190621" Time="103647">Merge adeCantabria;Cuenca_combinada F:\DWEB\DWEB2\PRUEBAS\Pruebas_mov.gdb\adeCuenca "CUMUN "CUMUN" true true false 5 Text 0 0 ,First,#,adeCantabria,CUMUN,-1,-1,Cuenca_combinada,CUMUN,-1,-1;CMUN "CMUN" true true false 3 Text 0 0 ,First,#,adeCantabria,CMUN,-1,-1,Cuenca_combinada,CMUN,-1,-1;CPRO "CPRO" true true false 2 Text 0 0 ,First,#,adeCantabria,CPRO,-1,-1,Cuenca_combinada,CPRO,-1,-1;CCA "CCA" true true false 2 Text 0 0 ,First,#,adeCantabria,CCA,-1,-1,Cuenca_combinada,CCA,-1,-1;CLAU2 "CLAU2" true true false 5 Text 0 0 ,First,#,adeCantabria,CLAU2,-1,-1,Cuenca_combinada,CLAU2,-1,-1;NPRO "NPRO" true true false 50 Text 0 0 ,First,#,adeCantabria,NPRO,-1,-1,Cuenca_combinada,NPRO,-1,-1;NCA "NCA" true true false 50 Text 0 0 ,First,#,adeCantabria,NCA,-1,-1,Cuenca_combinada,NCA,-1,-1;CNUT0 "CNUT0" true true false 2 Text 0 0 ,First,#,adeCantabria,CNUT0,-1,-1,Cuenca_combinada,CNUT0,-1,-1;CNUT1 "CNUT1" true true false 1 Text 0 0 ,First,#,adeCantabria,CNUT1,-1,-1,Cuenca_combinada,CNUT1,-1,-1;CNUT2 "CNUT2" true true false 1 Text 0 0 ,First,#,adeCantabria,CNUT2,-1,-1,Cuenca_combinada,CNUT2,-1,-1;CNUT3 "CNUT3" true true false 1 Text 0 0 ,First,#,adeCantabria,CNUT3,-1,-1,Cuenca_combinada,CNUT3,-1,-1;NMUN "NMUN" true true false 50 Text 0 0 ,First,#,adeCantabria,NMUN,-1,-1,Cuenca_combinada,NMUN,-1,-1;pob18 "pob18" true true false 4 Long 0 0 ,First,#,adeCantabria,pob18,-1,-1,Cuenca_combinada,pob18,-1,-1;Zonas "Zonas" true true false 2 Short 0 0 ,First,#,adeCantabria,Zonas,-1,-1;FID_Distritos_2018 "FID_Distritos_2018" true true false 4 Long 0 0 ,First,#,adeCantabria,FID_Distritos_2018,-1,-1,Cuenca_combinada,FID_Distritos_2018,-1,-1;CUDIS "CUDIS" true true false 7 Text 0 0 ,First,#,adeCantabria,CUDIS,-1,-1,Cuenca_combinada,CUDIS,-1,-1;POB_2018 "POB_2018" true true false 4 Long 0 0 ,First,#,adeCantabria,POB_2018,-1,-1,Cuenca_combinada,POB_2018,-1,-1;NPRO_1 "NPRO" true true false 50 Text 0 0 ,First,#,adeCantabria,NPRO_1,-1,-1,Cuenca_combinada,NPRO_1,-1,-1;CUMUN_1 "CUMUN" true true false 50 Text 0 0 ,First,#,adeCantabria,CUMUN_1,-1,-1,Cuenca_combinada,CUMUN_1,-1,-1;NMUN_1 "NMUN" true true false 50 Text 0 0 ,First,#,adeCantabria,NMUN_1,-1,-1,Cuenca_combinada,NMUN_1,-1,-1;FID_subcities_2018_pob "FID_subcities_2018_pob" true true false 4 Long 0 0 ,First,#,adeCantabria,FID_subcities_2018_pob,-1,-1;CUMUN_12 "CUMUN" true true false 5 Text 0 0 ,First,#,adeCantabria,CUMUN_12,-1,-1;COD_SCD "COD_SCD" true true false 255 Text 0 0 ,First,#,adeCantabria,COD_SCD,-1,-1;COD_LITERAL "COD_LITERAL" true true false 255 Text 0 0 ,First,#,adeCantabria,COD_LITERAL,-1,-1;SUM_of_pob "SUM_of_pob" true true false 8 Double 0 0 ,First,#,adeCantabria,SUM_of_pob,-1,-1;ID_GRUPO "ID_GRUPO" true true false 50 Text 0 0 ,First,#,adeCantabria,ID_GRUPO,-1,-1,Cuenca_combinada,ID_GRUPO,-1,-1;pob2 "pob2" true true false 4 Long 0 0 ,First,#,adeCantabria,pob2,-1,-1;FID_subcities_2018_pob_1 "FID_subcities_2018_pob" true true false 4 Long 0 0 ,First,#,adeCantabria,FID_subcities_2018_pob_1,-1,-1;CUMUN_12_13 "CUMUN" true true false 5 Text 0 0 ,First,#,adeCantabria,CUMUN_12_13,-1,-1;COD_SCD_1 "COD_SCD" true true false 255 Text 0 0 ,First,#,adeCantabria,COD_SCD_1,-1,-1;COD_LITERAL_1 "COD_LITERAL" true true false 255 Text 0 0 ,First,#,adeCantabria,COD_LITERAL_1,-1,-1;SUM_of_pob_1 "SUM_of_pob" true true false 8 Double 0 0 ,First,#,adeCantabria,SUM_of_pob_1,-1,-1;FID_Municipios_2018 "FID_Municipios_2018" true true false 4 Long 0 0 ,First,#,adeCantabria,FID_Municipios_2018,-1,-1;Shape_Length "Shape_Length" false true true 8 Double 0 0 ,First,#,adeCantabria,Shape_Length,-1,-1,Cuenca_combinada,Shape_Length,-1,-1;Shape_Area "Shape_Area" false true true 8 Double 0 0 ,First,#,adeCantabria,Shape_Area,-1,-1,Cuenca_combinada,Shape_Area,-1,-1;FID_CUENCA "FID_CUENCA" true true false 4 Long 0 0 ,First,#,Cuenca_combinada,FID_CUENCA,-1,-1;Pob_2 "Pob_2" true true false 2 Short 0 0 ,First,#,Cuenca_combinada,Pob_2,-1,-1;pob_23 "pob_23" true true false 4 Long 0 0 ,First,#,Cuenca_combinada,pob_23,-1,-1"</Process><Process ToolSource="c:\program files (x86)\arcgis\desktop10.6\ArcToolbox\Toolboxes\Data Management Tools.tbx\CalculateField" Date="20190621" Time="104011">CalculateField adeCuenca pob2 [pob_23] VB #</Process><Process ToolSource="c:\program files (x86)\arcgis\desktop10.6\ArcToolbox\Toolboxes\Data Management Tools.tbx\Merge" Date="20190621" Time="104508">Merge adeCuenca;Murcia_combinada_Union F:\DWEB\DWEB2\PRUEBAS\Pruebas_mov.gdb\adeMurcia "CUMUN "CUMUN" true true false 5 Text 0 0 ,First,#,adeCuenca,CUMUN,-1,-1,Murcia_combinada_Union,CUMUN,-1,-1;CMUN "CMUN" true true false 3 Text 0 0 ,First,#,adeCuenca,CMUN,-1,-1,Murcia_combinada_Union,CMUN,-1,-1;CPRO "CPRO" true true false 2 Text 0 0 ,First,#,adeCuenca,CPRO,-1,-1,Murcia_combinada_Union,CPRO,-1,-1;CCA "CCA" true true false 2 Text 0 0 ,First,#,adeCuenca,CCA,-1,-1,Murcia_combinada_Union,CCA,-1,-1;CLAU2 "CLAU2" true true false 5 Text 0 0 ,First,#,adeCuenca,CLAU2,-1,-1,Murcia_combinada_Union,CLAU2,-1,-1;NPRO "NPRO" true true false 50 Text 0 0 ,First,#,adeCuenca,NPRO,-1,-1,Murcia_combinada_Union,NPRO,-1,-1;NCA "NCA" true true false 50 Text 0 0 ,First,#,adeCuenca,NCA,-1,-1,Murcia_combinada_Union,NCA,-1,-1;CNUT0 "CNUT0" true true false 2 Text 0 0 ,First,#,adeCuenca,CNUT0,-1,-1,Murcia_combinada_Union,CNUT0,-1,-1;CNUT1 "CNUT1" true true false 1 Text 0 0 ,First,#,adeCuenca,CNUT1,-1,-1,Murcia_combinada_Union,CNUT1,-1,-1;CNUT2 "CNUT2" true true false 1 Text 0 0 ,First,#,adeCuenca,CNUT2,-1,-1,Murcia_combinada_Union,CNUT2,-1,-1;CNUT3 "CNUT3" true true false 1 Text 0 0 ,First,#,adeCuenca,CNUT3,-1,-1,Murcia_combinada_Union,CNUT3,-1,-1;NMUN "NMUN" true true false 50 Text 0 0 ,First,#,adeCuenca,NMUN,-1,-1,Murcia_combinada_Union,NMUN,-1,-1;pob18 "pob18" true true false 4 Long 0 0 ,First,#,adeCuenca,pob18,-1,-1,Murcia_combinada_Union,pob18,-1,-1;Zonas "Zonas" true true false 2 Short 0 0 ,First,#,adeCuenca,Zonas,-1,-1,Murcia_combinada_Union,Zonas,-1,-1;FID_Distritos_2018 "FID_Distritos_2018" true true false 4 Long 0 0 ,First,#,adeCuenca,FID_Distritos_2018,-1,-1,Murcia_combinada_Union,FID_Distritos_2018,-1,-1;CUDIS "CUDIS" true true false 7 Text 0 0 ,First,#,adeCuenca,CUDIS,-1,-1,Murcia_combinada_Union,CUDIS,-1,-1;POB_2018 "POB_2018" true true false 4 Long 0 0 ,First,#,adeCuenca,POB_2018,-1,-1,Murcia_combinada_Union,POB_2018,-1,-1;NPRO_1 "NPRO" true true false 50 Text 0 0 ,First,#,adeCuenca,NPRO_1,-1,-1,Murcia_combinada_Union,NPRO_1,-1,-1;CUMUN_1 "CUMUN" true true false 50 Text 0 0 ,First,#,adeCuenca,CUMUN_1,-1,-1,Murcia_combinada_Union,CUMUN_1,-1,-1;NMUN_1 "NMUN" true true false 50 Text 0 0 ,First,#,adeCuenca,NMUN_1,-1,-1,Murcia_combinada_Union,NMUN_1,-1,-1;FID_subcities_2018_pob "FID_subcities_2018_pob" true true false 4 Long 0 0 ,First,#,adeCuenca,FID_subcities_2018_pob,-1,-1,Murcia_combinada_Union,FID_subcities_2018_pob,-1,-1;CUMUN_12 "CUMUN" true true false 5 Text 0 0 ,First,#,adeCuenca,CUMUN_12,-1,-1,Murcia_combinada_Union,CUMUN_12,-1,-1;COD_SCD "COD_SCD" true true false 255 Text 0 0 ,First,#,adeCuenca,COD_SCD,-1,-1,Murcia_combinada_Union,COD_SCD,-1,-1;COD_LITERAL "COD_LITERAL" true true false 255 Text 0 0 ,First,#,adeCuenca,COD_LITERAL,-1,-1,Murcia_combinada_Union,COD_LITERAL,-1,-1;SUM_of_pob "SUM_of_pob" true true false 8 Double 0 0 ,First,#,adeCuenca,SUM_of_pob,-1,-1,Murcia_combinada_Union,SUM_of_pob,-1,-1;ID_GRUPO "ID_GRUPO" true true false 50 Text 0 0 ,First,#,adeCuenca,ID_GRUPO,-1,-1,Murcia_combinada_Union,ID_Grupo,-1,-1;pob2 "pob2" true true false 4 Long 0 0 ,First,#,adeCuenca,pob2,-1,-1;FID_subcities_2018_pob_1 "FID_subcities_2018_pob" true true false 4 Long 0 0 ,First,#,adeCuenca,FID_subcities_2018_pob_1,-1,-1;CUMUN_12_13 "CUMUN" true true false 5 Text 0 0 ,First,#,adeCuenca,CUMUN_12_13,-1,-1;COD_SCD_1 "COD_SCD" true true false 255 Text 0 0 ,First,#,adeCuenca,COD_SCD_1,-1,-1,Murcia_combinada_Union,COD_SCD_1,-1,-1;COD_LITERAL_1 "COD_LITERAL" true true false 255 Text 0 0 ,First,#,adeCuenca,COD_LITERAL_1,-1,-1,Murcia_combinada_Union,COD_LITERAL_1,-1,-1;SUM_of_pob_1 "SUM_of_pob" true true false 8 Double 0 0 ,First,#,adeCuenca,SUM_of_pob_1,-1,-1;FID_Municipios_2018 "FID_Municipios_2018" true true false 4 Long 0 0 ,First,#,adeCuenca,FID_Municipios_2018,-1,-1,Murcia_combinada_Union,FID_Municipios_2018,-1,-1;FID_CUENCA "FID_CUENCA" true true false 4 Long 0 0 ,First,#,adeCuenca,FID_CUENCA,-1,-1;Shape_Length "Shape_Length" false true true 8 Double 0 0 ,First,#,adeCuenca,Shape_Length,-1,-1,Murcia_combinada_Union,Shape_Length,-1,-1;Shape_Area "Shape_Area" false true true 8 Double 0 0 ,First,#,adeCuenca,Shape_Area,-1,-1,Murcia_combinada_Union,Shape_Area,-1,-1;FID_Murcia_combinada "FID_Murcia_combinada" true true false 4 Long 0 0 ,First,#,Murcia_combinada_Union,FID_Murcia_combinada,-1,-1;pob_2 "pob_2" true true false 4 Long 0 0 ,First,#,Murcia_combinada_Union,pob_2,-1,-1;POB23 "POB23" true true false 4 Long 0 0 ,First,#,Murcia_combinada_Union,POB23,-1,-1"</Process><Process ToolSource="c:\program files (x86)\arcgis\desktop10.6\ArcToolbox\Toolboxes\Data Management Tools.tbx\CalculateField" Date="20190621" Time="104818">CalculateField adeMurcia pob2 [POB23] VB #</Process><Process ToolSource="c:\program files (x86)\arcgis\desktop10.6\ArcToolbox\Toolboxes\Data Management Tools.tbx\Merge" Date="20190621" Time="105310">Merge adeMurcia;Ballears_combinada "F:\DWEB\Proyecto Urban Audit\SIOSE\Prueba_moviles.gdb\Pablo_Moviles" "CUMUN "CUMUN" true true false 5 Text 0 0 ,First,#,adeMurcia,CUMUN,-1,-1,Ballears_combinada,CUMUN,-1,-1;CMUN "CMUN" true true false 3 Text 0 0 ,First,#,adeMurcia,CMUN,-1,-1,Ballears_combinada,CMUN,-1,-1;CPRO "CPRO" true true false 2 Text 0 0 ,First,#,adeMurcia,CPRO,-1,-1,Ballears_combinada,CPRO,-1,-1;CCA "CCA" true true false 2 Text 0 0 ,First,#,adeMurcia,CCA,-1,-1,Ballears_combinada,CCA,-1,-1;CLAU2 "CLAU2" true true false 5 Text 0 0 ,First,#,adeMurcia,CLAU2,-1,-1,Ballears_combinada,CLAU2,-1,-1;NPRO "NPRO" true true false 50 Text 0 0 ,First,#,adeMurcia,NPRO,-1,-1,Ballears_combinada,NPRO,-1,-1;NCA "NCA" true true false 50 Text 0 0 ,First,#,adeMurcia,NCA,-1,-1,Ballears_combinada,NCA,-1,-1;CNUT0 "CNUT0" true true false 2 Text 0 0 ,First,#,adeMurcia,CNUT0,-1,-1,Ballears_combinada,CNUT0,-1,-1;CNUT1 "CNUT1" true true false 1 Text 0 0 ,First,#,adeMurcia,CNUT1,-1,-1,Ballears_combinada,CNUT1,-1,-1;CNUT2 "CNUT2" true true false 1 Text 0 0 ,First,#,adeMurcia,CNUT2,-1,-1,Ballears_combinada,CNUT2,-1,-1;CNUT3 "CNUT3" true true false 1 Text 0 0 ,First,#,adeMurcia,CNUT3,-1,-1,Ballears_combinada,CNUT3,-1,-1;NMUN "NMUN" true true false 50 Text 0 0 ,First,#,adeMurcia,NMUN,-1,-1,Ballears_combinada,NMUN,-1,-1;pob18 "pob18" true true false 4 Long 0 0 ,First,#,adeMurcia,pob18,-1,-1,Ballears_combinada,pob18,-1,-1;Zonas "Zonas" true true false 2 Short 0 0 ,First,#,adeMurcia,Zonas,-1,-1,Ballears_combinada,Zonas,-1,-1;FID_Distritos_2018 "FID_Distritos_2018" true true false 4 Long 0 0 ,First,#,adeMurcia,FID_Distritos_2018,-1,-1;CUDIS "CUDIS" true true false 7 Text 0 0 ,First,#,adeMurcia,CUDIS,-1,-1;POB_2018 "POB_2018" true true false 4 Long 0 0 ,First,#,adeMurcia,POB_2018,-1,-1;NPRO_1 "NPRO" true true false 50 Text 0 0 ,First,#,adeMurcia,NPRO_1,-1,-1;CUMUN_1 "CUMUN" true true false 50 Text 0 0 ,First,#,adeMurcia,CUMUN_1,-1,-1,Ballears_combinada,CUMUN_1,-1,-1;NMUN_1 "NMUN" true true false 50 Text 0 0 ,First,#,adeMurcia,NMUN_1,-1,-1;FID_subcities_2018_pob "FID_subcities_2018_pob" true true false 4 Long 0 0 ,First,#,adeMurcia,FID_subcities_2018_pob,-1,-1,Ballears_combinada,FID_subcities_2018_pob,-1,-1;CUMUN_12 "CUMUN" true true false 5 Text 0 0 ,First,#,adeMurcia,CUMUN_12,-1,-1;COD_SCD "COD_SCD" true true false 255 Text 0 0 ,First,#,adeMurcia,COD_SCD,-1,-1,Ballears_combinada,COD_SCD,-1,-1;COD_LITERAL "COD_LITERAL" true true false 255 Text 0 0 ,First,#,adeMurcia,COD_LITERAL,-1,-1,Ballears_combinada,COD_LITERAL,-1,-1;SUM_of_pob "SUM_of_pob" true true false 8 Double 0 0 ,First,#,adeMurcia,SUM_of_pob,-1,-1,Ballears_combinada,SUM_of_pob,-1,-1;ID_GRUPO "ID_GRUPO" true true false 50 Text 0 0 ,First,#,adeMurcia,ID_GRUPO,-1,-1,Ballears_combinada,ID_Grupo,-1,-1;pob2 "pob2" true true false 4 Long 0 0 ,First,#,adeMurcia,pob2,-1,-1,Ballears_combinada,pob2,-1,-1;FID_subcities_2018_pob_1 "FID_subcities_2018_pob" true true false 4 Long 0 0 ,First,#,adeMurcia,FID_subcities_2018_pob_1,-1,-1;CUMUN_12_13 "CUMUN" true true false 5 Text 0 0 ,First,#,adeMurcia,CUMUN_12_13,-1,-1;COD_SCD_1 "COD_SCD" true true false 255 Text 0 0 ,First,#,adeMurcia,COD_SCD_1,-1,-1,Ballears_combinada,COD_SCD_1,-1,-1;COD_LITERAL_1 "COD_LITERAL" true true false 255 Text 0 0 ,First,#,adeMurcia,COD_LITERAL_1,-1,-1,Ballears_combinada,COD_LITERAL_1,-1,-1;SUM_of_pob_1 "SUM_of_pob" true true false 8 Double 0 0 ,First,#,adeMurcia,SUM_of_pob_1,-1,-1;Shape_Length "Shape_Length" false true true 8 Double 0 0 ,First,#,adeMurcia,Shape_Length,-1,-1,Ballears_combinada,Shape_Length,-1,-1;Shape_Area "Shape_Area" false true true 8 Double 0 0 ,First,#,adeMurcia,Shape_Area,-1,-1,Ballears_combinada,Shape_Area,-1,-1;FID_Municipios_2018 "FID_Municipios_2018" true true false 4 Long 0 0 ,First,#,Ballears_combinada,FID_Municipios_2018,-1,-1"</Process><Process ToolSource="c:\program files (x86)\arcgis\desktop10.6\ArcToolbox\Toolboxes\Data Management Tools.tbx\CalculateField" Date="20190621" Time="115154">CalculateField Pablo_Moviles CUMUN [CUMUN_1] VB #</Process><Process ToolSource="c:\program files (x86)\arcgis\desktop10.6\ArcToolbox\Toolboxes\Data Management Tools.tbx\CalculateField" Date="20190621" Time="115237">CalculateField Pablo_Moviles CUMUN [CUMUN_1] VB #</Process><Process ToolSource="c:\program files (x86)\arcgis\desktop10.6\ArcToolbox\Toolboxes\Data Management Tools.tbx\CalculateField" Date="20190621" Time="115617">CalculateField Pablo_Moviles NPRO [NPRO_1] VB #</Process><Process ToolSource="c:\program files (x86)\arcgis\desktop10.6\ArcToolbox\Toolboxes\Data Management Tools.tbx\CalculateField" Date="20190621" Time="115744">CalculateField Pablo_Moviles NMUN [NMUN_1] VB #</Process><Process ToolSource="c:\program files (x86)\arcgis\desktop10.6\ArcToolbox\Toolboxes\Data Management Tools.tbx\CalculateField" Date="20190621" Time="120345">CalculateField Pablo_Moviles COD_SCD [COD_SCD_1] VB #</Process><Process ToolSource="c:\program files (x86)\arcgis\desktop10.6\ArcToolbox\Toolboxes\Data Management Tools.tbx\CalculateField" Date="20190621" Time="120401">CalculateField Pablo_Moviles COD_LITERAL [COD_LITERAL_1] VB #</Process><Process ToolSource="c:\program files (x86)\arcgis\desktop10.6\ArcToolbox\Toolboxes\Data Management Tools.tbx\CalculateField" Date="20190621" Time="120415">CalculateField Pablo_Moviles SUM_of_pob [SUM_of_pob_1] VB #</Process><Process ToolSource="c:\program files (x86)\arcgis\desktop10.5\ArcToolbox\Toolboxes\Data Management Tools.tbx\Merge" Date="20190624" Time="143735">Merge Pablo_Moviles;Bizkaia_Union;Gipuzkoa_combinada;Asturias_combinada "F:\DWEB\Proyecto Urban Audit\SIOSE\Prueba_moviles.gdb\Pablo_Moviles_Merge" "CUMUN "CUMUN" true true false 5 Text 0 0 ,First,#,Pablo_Moviles,CUMUN,-1,-1,Bizkaia_Union,CUMUN,-1,-1,Gipuzkoa_combinada,CUMUN,-1,-1,Asturias_combinada,CUMUN,-1,-1;CPRO "CPRO" true true false 2 Text 0 0 ,First,#,Pablo_Moviles,CPRO,-1,-1,Bizkaia_Union,CPRO,-1,-1,Gipuzkoa_combinada,CPRO,-1,-1,Asturias_combinada,CPRO,-1,-1;NPRO "NPRO" true true false 50 Text 0 0 ,First,#,Pablo_Moviles,NPRO,-1,-1,Bizkaia_Union,NPRO,-1,-1,Gipuzkoa_combinada,NPRO,-1,-1,Asturias_combinada,NPRO,-1,-1;NMUN "NMUN" true true false 50 Text 0 0 ,First,#,Pablo_Moviles,NMUN,-1,-1,Bizkaia_Union,NMUN,-1,-1,Gipuzkoa_combinada,NMUN,-1,-1,Asturias_combinada,NMUN,-1,-1;pob18 "pob18" true true false 4 Long 0 0 ,First,#,Pablo_Moviles,pob18,-1,-1,Bizkaia_Union,pob18,-1,-1,Gipuzkoa_combinada,pob18,-1,-1,Asturias_combinada,pob18,-1,-1;CUDIS "CUDIS" true true false 7 Text 0 0 ,First,#,Pablo_Moviles,CUDIS,-1,-1,Bizkaia_Union,CUDIS,-1,-1,Gipuzkoa_combinada,CUDIS,-1,-1,Asturias_combinada,CUDIS,-1,-1;POB_2018 "POB_2018" true true false 4 Long 0 0 ,First,#,Pablo_Moviles,POB_2018,-1,-1,Bizkaia_Union,POB_2018,-1,-1,Gipuzkoa_combinada,POB_2018,-1,-1,Asturias_combinada,POB_2018,-1,-1;COD_SCD "COD_SCD" true true false 255 Text 0 0 ,First,#,Pablo_Moviles,COD_SCD,-1,-1,Bizkaia_Union,COD_SCD,-1,-1,Asturias_combinada,COD_SCD,-1,-1;COD_LITERAL "COD_LITERAL" true true false 255 Text 0 0 ,First,#,Pablo_Moviles,COD_LITERAL,-1,-1,Bizkaia_Union,COD_LITERAL,-1,-1,Asturias_combinada,COD_LITERAL,-1,-1;SUM_of_pob "SUM_of_pob" true true false 8 Double 0 0 ,First,#,Pablo_Moviles,SUM_of_pob,-1,-1,Bizkaia_Union,SUM_of_pob,-1,-1,Asturias_combinada,SUM_of_pob,-1,-1;ID_GRUPO "ID_GRUPO" true true false 50 Text 0 0 ,First,#,Pablo_Moviles,ID_GRUPO,-1,-1,Bizkaia_Union,ID_GRUPO,-1,-1,Gipuzkoa_combinada,ID_GRUPO,-1,-1,Asturias_combinada,ID_GRUPO,-1,-1;pob2 "pob2" true true false 4 Long 0 0 ,First,#,Pablo_Moviles,pob2,-1,-1,Bizkaia_Union,pob2,-1,-1,Gipuzkoa_combinada,pob2,-1,-1,Asturias_combinada,pob2,-1,-1;Shape_Length "Shape_Length" false true true 8 Double 0 0 ,First,#,Pablo_Moviles,Shape_Length,-1,-1,Bizkaia_Union,Shape_Length,-1,-1,Gipuzkoa_combinada,Shape_Length,-1,-1,Asturias_combinada,Shape_Length,-1,-1;Shape_Area "Shape_Area" false true true 8 Double 0 0 ,First,#,Pablo_Moviles,Shape_Area,-1,-1,Bizkaia_Union,Shape_Area,-1,-1,Gipuzkoa_combinada,Shape_Area,-1,-1,Asturias_combinada,Shape_Area,-1,-1;FID_Municipios_2018 "FID_Municipios_2018" true true false 4 Long 0 0 ,First,#,Bizkaia_Union,FID_Municipios_2018,-1,-1,Gipuzkoa_combinada,FID_Municipios_2018,-1,-1,Asturias_combinada,FID_Municipios_2018,-1,-1;CMUN "CMUN" true true false 3 Text 0 0 ,First,#,Bizkaia_Union,CMUN,-1,-1,Gipuzkoa_combinada,CMUN,-1,-1,Asturias_combinada,CMUN,-1,-1;CCA "CCA" true true false 2 Text 0 0 ,First,#,Bizkaia_Union,CCA,-1,-1,Gipuzkoa_combinada,CCA,-1,-1,Asturias_combinada,CCA,-1,-1;CLAU2 "CLAU2" true true false 5 Text 0 0 ,First,#,Bizkaia_Union,CLAU2,-1,-1,Gipuzkoa_combinada,CLAU2,-1,-1,Asturias_combinada,CLAU2,-1,-1;NCA "NCA" true true false 50 Text 0 0 ,First,#,Bizkaia_Union,NCA,-1,-1,Gipuzkoa_combinada,NCA,-1,-1,Asturias_combinada,NCA,-1,-1;CNUT0 "CNUT0" true true false 2 Text 0 0 ,First,#,Bizkaia_Union,CNUT0,-1,-1,Gipuzkoa_combinada,CNUT0,-1,-1,Asturias_combinada,CNUT0,-1,-1;CNUT1 "CNUT1" true true false 1 Text 0 0 ,First,#,Bizkaia_Union,CNUT1,-1,-1,Gipuzkoa_combinada,CNUT1,-1,-1,Asturias_combinada,CNUT1,-1,-1;CNUT2 "CNUT2" true true false 1 Text 0 0 ,First,#,Bizkaia_Union,CNUT2,-1,-1,Gipuzkoa_combinada,CNUT2,-1,-1,Asturias_combinada,CNUT2,-1,-1;CNUT3 "CNUT3" true true false 1 Text 0 0 ,First,#,Bizkaia_Union,CNUT3,-1,-1,Gipuzkoa_combinada,CNUT3,-1,-1,Asturias_combinada,CNUT3,-1,-1;Zonas "Zonas" true true false 2 Short 0 0 ,First,#,Bizkaia_Union,Zonas,-1,-1,Gipuzkoa_combinada,Zonas,-1,-1,Asturias_combinada,Zonas,-1,-1;FID_subcities_2018_pob "FID_subcities_2018_pob" true true false 4 Long 0 0 ,First,#,Bizkaia_Union,FID_subcities_2018_pob,-1,-1,Asturias_combinada,FID_subcities_2018_pob,-1,-1;CUMUN_1 "CUMUN" true true false 5 Text 0 0 ,First,#,Bizkaia_Union,CUMUN_1,-1,-1,Gipuzkoa_combinada,CUMUN_1,-1,-1,Asturias_combinada,CUMUN_1,-1,-1;FID_Distritos_2018 "FID_Distritos_2018" true true false 4 Long 0 0 ,First,#,Bizkaia_Union,FID_Distritos_2018,-1,-1,Gipuzkoa_combinada,FID_Distritos_2018,-1,-1,Asturias_combinada,FID_Distritos_2018,-1,-1;NPRO_1 "NPRO" true true false 50 Text 0 0 ,First,#,Bizkaia_Union,NPRO_1,-1,-1,Gipuzkoa_combinada,NPRO_1,-1,-1,Asturias_combinada,NPRO_1,-1,-1;CUMUN_12 "CUMUN" true true false 50 Text 0 0 ,First,#,Bizkaia_Union,CUMUN_12,-1,-1,Asturias_combinada,CUMUN_12,-1,-1;NMUN_1 "NMUN" true true false 50 Text 0 0 ,First,#,Bizkaia_Union,NMUN_1,-1,-1,Gipuzkoa_combinada,NMUN_1,-1,-1,Asturias_combinada,NMUN_1,-1,-1"</Process><Process ToolSource="c:\program files (x86)\arcgis\desktop10.6\ArcToolbox\Toolboxes\Data Management Tools.tbx\CalculateField" Date="20190701" Time="083947">CalculateField Pablo_Moviles CUMUN [CUMUN_12] VB #</Process><Process ToolSource="c:\program files (x86)\arcgis\desktop10.6\ArcToolbox\Toolboxes\Data Management Tools.tbx\CalculateField" Date="20190701" Time="084039">CalculateField Pablo_Moviles NPRO [NPRO_1] VB #</Process><Process ToolSource="c:\program files (x86)\arcgis\desktop10.6\ArcToolbox\Toolboxes\Data Management Tools.tbx\CalculateField" Date="20190701" Time="084104">CalculateField Pablo_Moviles NMUN [NMUN_1] VB #</Process><Process ToolSource="c:\program files (x86)\arcgis\desktop10.6\ArcToolbox\Toolboxes\Data Management Tools.tbx\CalculateField" Date="20190701" Time="084531">CalculateField Pablo_Moviles NPRO "Barcelona" VB #</Process><Process ToolSource="c:\program files (x86)\arcgis\desktop10.6\ArcToolbox\Toolboxes\Data Management Tools.tbx\CalculateField" Date="20190701" Time="084755">CalculateField Pablo_Moviles NMUN "Hospitalet de LLobregat, L´" VB #</Process><Process ToolSource="c:\program files (x86)\arcgis\desktop10.6\ArcToolbox\Toolboxes\Data Management Tools.tbx\CalculateField" Date="20190701" Time="094400">CalculateField Pablo_Moviles GRUP2 LEFT( [ID_GRUPO],3)+"B" VB #</Process><Process ToolSource="c:\program files (x86)\arcgis\desktop10.6\ArcToolbox\Toolboxes\Data Management Tools.tbx\CalculateField" Date="20190701" Time="094504">CalculateField Pablo_Moviles ID_GRUPO [GRUP2] VB #</Process><Process ToolSource="c:\program files (x86)\arcgis\desktop10.6\ArcToolbox\Toolboxes\Data Management Tools.tbx\CalculateField" Date="20190701" Time="095045">CalculateField Pablo_Moviles GRRR LEFT( [ID_GRUPO],2)+"HS" VB #</Process><Process ToolSource="c:\program files (x86)\arcgis\desktop10.6\ArcToolbox\Toolboxes\Data Management Tools.tbx\CalculateField" Date="20190701" Time="095141">CalculateField Pablo_Moviles ID_GRUPO [GRRR] VB #</Process><Process ToolSource="c:\program files (x86)\arcgis\desktop10.6\ArcToolbox\Toolboxes\Data Management Tools.tbx\CalculateField" Date="20190701" Time="095238">CalculateField Pablo_Moviles GRRR LEFT( [ID_GRUPO],2)+"GP" VB #</Process><Process ToolSource="c:\program files (x86)\arcgis\desktop10.6\ArcToolbox\Toolboxes\Data Management Tools.tbx\CalculateField" Date="20190701" Time="095325">CalculateField Pablo_Moviles ID_GRUPO [GRRR] VB #</Process><Process ToolSource="c:\program files (x86)\arcgis\desktop10.6\ArcToolbox\Toolboxes\Data Management Tools.tbx\Merge" Date="20190701" Time="103600">Merge Pablo_Moviles;Elena_moviles "F:\DWEB\Proyecto Urban Audit\SIOSE\Prueba_moviles.gdb\Nacional_moviles" "CUMUN "CUMUN" true true false 5 Text 0 0 ,First,#,Pablo_Moviles,CUMUN,-1,-1,Elena_moviles,CUMUN,-1,-1;CPRO "CPRO" true true false 2 Text 0 0 ,First,#,Pablo_Moviles,CPRO,-1,-1,Elena_moviles,CPRO,-1,-1;NPRO "NPRO" true true false 50 Text 0 0 ,First,#,Pablo_Moviles,NPRO,-1,-1,Elena_moviles,NPRO,-1,-1;NMUN "NMUN" true true false 50 Text 0 0 ,First,#,Pablo_Moviles,NMUN,-1,-1,Elena_moviles,NMUN,-1,-1;pob18 "pob18" true true false 4 Long 0 0 ,First,#,Pablo_Moviles,pob18,-1,-1,Elena_moviles,pob18,-1,-1;CUDIS "CUDIS" true true false 7 Text 0 0 ,First,#,Pablo_Moviles,CUDIS,-1,-1,Elena_moviles,CUDIS,-1,-1;POB_2018 "POB_2018" true true false 4 Long 0 0 ,First,#,Pablo_Moviles,POB_2018,-1,-1,Elena_moviles,POB_2018,-1,-1;COD_SCD "COD_SCD" true true false 255 Text 0 0 ,First,#,Pablo_Moviles,COD_SCD,-1,-1,Elena_moviles,COD_SCD,-1,-1;COD_LITERAL "COD_LITERAL" true true false 255 Text 0 0 ,First,#,Pablo_Moviles,COD_LITERAL,-1,-1,Elena_moviles,COD_LITERAL,-1,-1;SUM_of_pob "SUM_of_pob" true true false 8 Double 0 0 ,First,#,Pablo_Moviles,SUM_of_pob,-1,-1,Elena_moviles,SUM_of_pob,-1,-1;ID_GRUPO "ID_GRUPO" true true false 50 Text 0 0 ,First,#,Pablo_Moviles,ID_GRUPO,-1,-1,Elena_moviles,ID_GRUPO,-1,-1;pob2 "pob2" true true false 4 Long 0 0 ,First,#,Pablo_Moviles,pob2,-1,-1;Shape_Length "Shape_Length" false true true 8 Double 0 0 ,First,#,Pablo_Moviles,Shape_Length,-1,-1,Elena_moviles,Shape_Length,-1,-1;Shape_Area "Shape_Area" false true true 8 Double 0 0 ,First,#,Pablo_Moviles,Shape_Area,-1,-1,Elena_moviles,Shape_Area,-1,-1;POBLACION_18 "POBLACION_18" true true false 4 Long 0 0 ,First,#,Elena_moviles,POBLACION_18,-1,-1"</Process><Process ToolSource="c:\program files (x86)\arcgis\desktop10.6\ArcToolbox\Toolboxes\Data Management Tools.tbx\CalculateField" Date="20190701" Time="104859">CalculateField Nacional_moviles POB_ASIG [POBLACION_18] VB #</Process><Process ToolSource="c:\program files (x86)\arcgis\desktop10.6\ArcToolbox\Toolboxes\Data Management Tools.tbx\CalculateField" Date="20190701" Time="105038">CalculateField Nacional_moviles POB_ASIG [pob2] VB #</Process><Process ToolSource="c:\program files (x86)\arcgis\desktop10.6\ArcToolbox\Toolboxes\Data Management Tools.tbx\CalculateField" Date="20190701" Time="113911">CalculateField Nacional_moviles ID_GRUPO "027V" VB #</Process><Process ToolSource="c:\program files (x86)\arcgis\desktop10.6\ArcToolbox\Toolboxes\Data Management Tools.tbx\Dissolve" Date="20190718" Time="080359">Dissolve Nacional_moviles "F:\DWEB\Proyecto Urban Audit\SIOSE\Prueba_moviles.gdb\Nacional_DIS" ID_GRUPO "POB_ASIG SUM" MULTI_PART DISSOLVE_LINES</Process><Process ToolSource="c:\program files (x86)\arcgis\desktop10.6\ArcToolbox\Toolboxes\Analysis Tools.tbx\Union" Date="20190930" Time="082113">Union "Nacional_DIS #;M70000_Dissolve #;Most_alm_Dissolve #" F:\DWEB\DWEB2\PRUEBAS\COMBINAR_MOVIL.gdb\Nacional_Disolv_2 ALL # GAPS</Process><Process ToolSource="c:\program files (x86)\arcgis\desktop10.6\ArcToolbox\Toolboxes\Data Management Tools.tbx\CalculateField" Date="20190930" Time="082743">CalculateField Nacional_Disolv_2 ID_GRUPO [ID_GRUPO_1] VB #</Process><Process ToolSource="c:\program files (x86)\arcgis\desktop10.6\ArcToolbox\Toolboxes\Data Management Tools.tbx\CalculateField" Date="20190930" Time="082816">CalculateField Nacional_Disolv_2 SUM_POB_ASIG [SUM_pob] VB #</Process><Process ToolSource="c:\program files (x86)\arcgis\desktop10.6\ArcToolbox\Toolboxes\Data Management Tools.tbx\CalculateField" Date="20190930" Time="082924">CalculateField Nacional_Disolv_2 ID_GRUPO [ID_GRUPO_12] VB #</Process><Process ToolSource="c:\program files (x86)\arcgis\desktop10.6\ArcToolbox\Toolboxes\Data Management Tools.tbx\CalculateField" Date="20190930" Time="083028">CalculateField Nacional_Disolv_2 SUM_POB_ASIG [SUM_POB_1] VB #</Process><Process ToolSource="c:\program files (x86)\arcgis\desktop10.6\ArcToolbox\Toolboxes\Conversion Tools.tbx\FeatureClassToFeatureClass" Date="20200309" Time="160225">FeatureClassToFeatureClass C:\Users\carlos.herrera\Desktop\INE\Movilidad\Celdas\Nacional_operadores_2.shp C:\Users\carlos.herrera\Desktop\INE\Movilidad\Datos.gdb Nacional_operadores # "OBJECTID "OBJECTID" true true false 10 Long 0 10 ,First,#,C:\Users\carlos.herrera\Desktop\INE\Movilidad\Celdas\Nacional_operadores_2.shp,OBJECTID,-1,-1;ID_GRUPO "ID_GRUPO" true true false 50 Text 0 0 ,First,#,C:\Users\carlos.herrera\Desktop\INE\Movilidad\Celdas\Nacional_operadores_2.shp,ID_GRUPO,-1,-1;SUM_POB_AS "SUM_POB_AS" true true false 19 Double 0 0 ,First,#,C:\Users\carlos.herrera\Desktop\INE\Movilidad\Celdas\Nacional_operadores_2.shp,SUM_POB_AS,-1,-1;Shape_Leng "Shape_Leng" true true false 19 Double 0 0 ,First,#,C:\Users\carlos.herrera\Desktop\INE\Movilidad\Celdas\Nacional_operadores_2.shp,Shape_Leng,-1,-1;Shape_Area "Shape_Area" true true false 19 Double 0 0 ,First,#,C:\Users\carlos.herrera\Desktop\INE\Movilidad\Celdas\Nacional_operadores_2.shp,Shape_Area,-1,-1" #</Process><Process ToolSource="c:\program files\arcgis\pro\Resources\ArcToolbox\Toolboxes\Data Management Tools.tbx\UpdateSchema" Date="20200319" Time="092715">UpdateSchema "CIMDATA=&lt;CIMStandardDataConnection xsi:type='typens:CIMStandardDataConnection' xmlns:xsi='http://www.w3.org/2001/XMLSchema-instance' xmlns:xs='http://www.w3.org/2001/XMLSchema' xmlns:typens='http://www.esri.com/schemas/ArcGIS/2.4.0'&gt;&lt;WorkspaceConnectionString&gt;DATABASE=C:\Users\carlos.herrera\Downloads\INE-COVID19\Datos.gdb&lt;/WorkspaceConnectionString&gt;&lt;WorkspaceFactory&gt;FileGDB&lt;/WorkspaceFactory&gt;&lt;Dataset&gt;Nacional_operadores&lt;/Dataset&gt;&lt;DatasetType&gt;esriDTFeatureClass&lt;/DatasetType&gt;&lt;/CIMStandardDataConnection&gt;" &lt;operationSequence&gt;&lt;workflow&gt;&lt;AddField&gt;&lt;field_name&gt;MOMENTO_TEMPORAL_1&lt;/field_name&gt;&lt;field_type&gt;DOUBLE&lt;/field_type&gt;&lt;field_alias&gt;00:00&lt;/field_alias&gt;&lt;field_is_nullable&gt;True&lt;/field_is_nullable&gt;&lt;field_is_required&gt;False&lt;/field_is_required&gt;&lt;/AddField&gt;&lt;/workflow&gt;&lt;workflow&gt;&lt;AddField&gt;&lt;field_name&gt;MOMENTO_TEMPORAL_2&lt;/field_name&gt;&lt;field_type&gt;DOUBLE&lt;/field_type&gt;&lt;field_alias&gt;02:00&lt;/field_alias&gt;&lt;field_is_nullable&gt;True&lt;/field_is_nullable&gt;&lt;field_is_required&gt;False&lt;/field_is_required&gt;&lt;/AddField&gt;&lt;/workflow&gt;&lt;workflow&gt;&lt;AddField&gt;&lt;field_name&gt;MOMENTO_TEMPORAL_3&lt;/field_name&gt;&lt;field_type&gt;DOUBLE&lt;/field_type&gt;&lt;field_alias&gt;04:00&lt;/field_alias&gt;&lt;field_is_nullable&gt;True&lt;/field_is_nullable&gt;&lt;field_is_required&gt;False&lt;/field_is_required&gt;&lt;/AddField&gt;&lt;/workflow&gt;&lt;workflow&gt;&lt;AddField&gt;&lt;field_name&gt;MOMENTO_TEMPORAL_4&lt;/field_name&gt;&lt;field_type&gt;DOUBLE&lt;/field_type&gt;&lt;field_alias&gt;06:00&lt;/field_alias&gt;&lt;field_is_nullable&gt;True&lt;/field_is_nullable&gt;&lt;field_is_required&gt;False&lt;/field_is_required&gt;&lt;/AddField&gt;&lt;/workflow&gt;&lt;workflow&gt;&lt;AddField&gt;&lt;field_name&gt;MOMENTO_TEMPORAL_5&lt;/field_name&gt;&lt;field_type&gt;DOUBLE&lt;/field_type&gt;&lt;field_alias&gt;08:00&lt;/field_alias&gt;&lt;field_is_nullable&gt;True&lt;/field_is_nullable&gt;&lt;field_is_required&gt;False&lt;/field_is_required&gt;&lt;/AddField&gt;&lt;/workflow&gt;&lt;workflow&gt;&lt;AddField&gt;&lt;field_name&gt;MOMENTO_TEMPORAL_6&lt;/field_name&gt;&lt;field_type&gt;DOUBLE&lt;/field_type&gt;&lt;field_alias&gt;10:00&lt;/field_alias&gt;&lt;field_is_nullable&gt;True&lt;/field_is_nullable&gt;&lt;field_is_required&gt;False&lt;/field_is_required&gt;&lt;/AddField&gt;&lt;/workflow&gt;&lt;workflow&gt;&lt;AddField&gt;&lt;field_name&gt;MOMENTO_TEMPORAL_7&lt;/field_name&gt;&lt;field_type&gt;DOUBLE&lt;/field_type&gt;&lt;field_alias&gt;12:00&lt;/field_alias&gt;&lt;field_is_nullable&gt;True&lt;/field_is_nullable&gt;&lt;field_is_required&gt;False&lt;/field_is_required&gt;&lt;/AddField&gt;&lt;/workflow&gt;&lt;workflow&gt;&lt;AddField&gt;&lt;field_name&gt;MOMENTO_TEMPORAL_8&lt;/field_name&gt;&lt;field_type&gt;DOUBLE&lt;/field_type&gt;&lt;field_alias&gt;14:00&lt;/field_alias&gt;&lt;field_is_nullable&gt;True&lt;/field_is_nullable&gt;&lt;field_is_required&gt;False&lt;/field_is_required&gt;&lt;/AddField&gt;&lt;/workflow&gt;&lt;workflow&gt;&lt;AddField&gt;&lt;field_name&gt;MOMENTO_TEMPORAL_9&lt;/field_name&gt;&lt;field_type&gt;DOUBLE&lt;/field_type&gt;&lt;field_alias&gt;16:00&lt;/field_alias&gt;&lt;field_is_nullable&gt;True&lt;/field_is_nullable&gt;&lt;field_is_required&gt;False&lt;/field_is_required&gt;&lt;/AddField&gt;&lt;/workflow&gt;&lt;workflow&gt;&lt;AddField&gt;&lt;field_name&gt;MOMENTO_TEMPORAL_10&lt;/field_name&gt;&lt;field_type&gt;DOUBLE&lt;/field_type&gt;&lt;field_alias&gt;18:00&lt;/field_alias&gt;&lt;field_is_nullable&gt;True&lt;/field_is_nullable&gt;&lt;field_is_required&gt;False&lt;/field_is_required&gt;&lt;/AddField&gt;&lt;/workflow&gt;&lt;workflow&gt;&lt;AddField&gt;&lt;field_name&gt;MOMENTO_TEMPORAL_11&lt;/field_name&gt;&lt;field_type&gt;DOUBLE&lt;/field_type&gt;&lt;field_alias&gt;20:00&lt;/field_alias&gt;&lt;field_is_nullable&gt;True&lt;/field_is_nullable&gt;&lt;field_is_required&gt;False&lt;/field_is_required&gt;&lt;/AddField&gt;&lt;/workflow&gt;&lt;workflow&gt;&lt;AddField&gt;&lt;field_name&gt;MOMENTO_TEMPORAL_12&lt;/field_name&gt;&lt;field_type&gt;DOUBLE&lt;/field_type&gt;&lt;field_alias&gt;22:00&lt;/field_alias&gt;&lt;field_is_nullable&gt;True&lt;/field_is_nullable&gt;&lt;field_is_required&gt;False&lt;/field_is_required&gt;&lt;/AddField&gt;&lt;/workflow&gt;&lt;/operationSequence&gt;</Process><Process ToolSource="c:\program files\arcgis\pro\Resources\ArcToolbox\Toolboxes\Data Management Tools.tbx\Rename" Date="20200319" Time="092837">Rename C:\Users\carlos.herrera\Downloads\INE-COVID19\Datos.gdb\Nacional_operadores C:\Users\carlos.herrera\Downloads\INE-COVID19\Datos.gdb\Celdas_operadores_MARZO20 FeatureClass</Process><Process ToolSource="c:\program files\arcgis\pro\Resources\ArcToolbox\Toolboxes\Data Management Tools.tbx\Rename" Date="20200320" Time="092919">Rename C:\Users\carlos.herrera\Downloads\INE-COVID19\Datos.gdb\Celdas_todos_datos C:\Users\carlos.herrera\Downloads\INE-COVID19\Datos.gdb\Celdas_operadores_MAR20 FeatureClass</Process><Process ToolSource="c:\program files\arcgis\pro\Resources\ArcToolbox\Toolboxes\Data Management Tools.tbx\UpdateSchema" Date="20200320" Time="133351">UpdateSchema "CIMDATA=&lt;CIMStandardDataConnection xsi:type='typens:CIMStandardDataConnection' xmlns:xsi='http://www.w3.org/2001/XMLSchema-instance' xmlns:xs='http://www.w3.org/2001/XMLSchema' xmlns:typens='http://www.esri.com/schemas/ArcGIS/2.4.0'&gt;&lt;WorkspaceConnectionString&gt;DATABASE=C:\Users\carlos.herrera\Downloads\INE-COVID19\Datos.gdb&lt;/WorkspaceConnectionString&gt;&lt;WorkspaceFactory&gt;FileGDB&lt;/WorkspaceFactory&gt;&lt;Dataset&gt;Celdas_operadores_MAR20&lt;/Dataset&gt;&lt;DatasetType&gt;esriDTFeatureClass&lt;/DatasetType&gt;&lt;/CIMStandardDataConnection&gt;" "&lt;operationSequence&gt;&lt;workflow&gt;&lt;AddField&gt;&lt;field_name&gt;MOMENTO_TEMPORAL_1_NOV19&lt;/field_name&gt;&lt;field_type&gt;DOUBLE&lt;/field_type&gt;&lt;field_alias&gt;00:00 Nov 2019&lt;/field_alias&gt;&lt;field_is_nullable&gt;True&lt;/field_is_nullable&gt;&lt;field_is_required&gt;False&lt;/field_is_required&gt;&lt;/AddField&gt;&lt;/workflow&gt;&lt;workflow&gt;&lt;AddField&gt;&lt;field_name&gt;MOMENTO_TEMPORAL_2_NOV19&lt;/field_name&gt;&lt;field_type&gt;DOUBLE&lt;/field_type&gt;&lt;field_alias&gt;02:00 Nov 2019&lt;/field_alias&gt;&lt;field_is_nullable&gt;True&lt;/field_is_nullable&gt;&lt;field_is_required&gt;False&lt;/field_is_required&gt;&lt;/AddField&gt;&lt;/workflow&gt;&lt;workflow&gt;&lt;AddField&gt;&lt;field_name&gt;MOMENTO_TEMPORAL_3_NOV19&lt;/field_name&gt;&lt;field_type&gt;DOUBLE&lt;/field_type&gt;&lt;field_alias&gt;04:00 Nov 2019&lt;/field_alias&gt;&lt;field_is_nullable&gt;True&lt;/field_is_nullable&gt;&lt;field_is_required&gt;False&lt;/field_is_required&gt;&lt;/AddField&gt;&lt;/workflow&gt;&lt;workflow&gt;&lt;AddField&gt;&lt;field_name&gt;MOMENTO_TEMPORAL_4_NOV19&lt;/field_name&gt;&lt;field_type&gt;DOUBLE&lt;/field_type&gt;&lt;field_alias&gt;06:00 Nov 2019&lt;/field_alias&gt;&lt;field_is_nullable&gt;True&lt;/field_is_nullable&gt;&lt;field_is_required&gt;False&lt;/field_is_required&gt;&lt;/AddField&gt;&lt;/workflow&gt;&lt;workflow&gt;&lt;AddField&gt;&lt;field_name&gt;MOMENTO_TEMPORAL_5_NOV19&lt;/field_name&gt;&lt;field_type&gt;DOUBLE&lt;/field_type&gt;&lt;field_alias&gt;08:00 Nov 2019&lt;/field_alias&gt;&lt;field_is_nullable&gt;True&lt;/field_is_nullable&gt;&lt;field_is_required&gt;False&lt;/field_is_required&gt;&lt;/AddField&gt;&lt;/workflow&gt;&lt;workflow&gt;&lt;AddField&gt;&lt;field_name&gt;MOMENTO_TEMPORAL_6_NOV19&lt;/field_name&gt;&lt;field_type&gt;DOUBLE&lt;/field_type&gt;&lt;field_alias&gt;10:00 Nov 2019&lt;/field_alias&gt;&lt;field_is_nullable&gt;True&lt;/field_is_nullable&gt;&lt;field_is_required&gt;False&lt;/field_is_required&gt;&lt;/AddField&gt;&lt;/workflow&gt;&lt;workflow&gt;&lt;AddField&gt;&lt;field_name&gt;MOMENTO_TEMPORAL_7_NOV19&lt;/field_name&gt;&lt;field_type&gt;DOUBLE&lt;/field_type&gt;&lt;field_alias&gt;12:00 Nov 2019&lt;/field_alias&gt;&lt;field_is_nullable&gt;True&lt;/field_is_nullable&gt;&lt;field_is_required&gt;False&lt;/field_is_required&gt;&lt;/AddField&gt;&lt;/workflow&gt;&lt;workflow&gt;&lt;AddField&gt;&lt;field_name&gt;MOMENTO_TEMPORAL_8_NOV19&lt;/field_name&gt;&lt;field_type&gt;DOUBLE&lt;/field_type&gt;&lt;field_alias&gt;14:00 Nov 2019&lt;/field_alias&gt;&lt;field_is_nullable&gt;True&lt;/field_is_nullable&gt;&lt;field_is_required&gt;False&lt;/field_is_required&gt;&lt;/AddField&gt;&lt;/workflow&gt;&lt;workflow&gt;&lt;AddField&gt;&lt;field_name&gt;MOMENTO_TEMPORAL_9_NOV19&lt;/field_name&gt;&lt;field_type&gt;DOUBLE&lt;/field_type&gt;&lt;field_alias&gt;16:00 Nov 2019&lt;/field_alias&gt;&lt;field_is_nullable&gt;True&lt;/field_is_nullable&gt;&lt;field_is_required&gt;False&lt;/field_is_required&gt;&lt;/AddField&gt;&lt;/workflow&gt;&lt;workflow&gt;&lt;AddField&gt;&lt;field_name&gt;MOMENTO_TEMPORAL_10_NOV19&lt;/field_name&gt;&lt;field_type&gt;DOUBLE&lt;/field_type&gt;&lt;field_alias&gt;18:00 Nov 2019&lt;/field_alias&gt;&lt;field_is_nullable&gt;True&lt;/field_is_nullable&gt;&lt;field_is_required&gt;False&lt;/field_is_required&gt;&lt;/AddField&gt;&lt;/workflow&gt;&lt;workflow&gt;&lt;AddField&gt;&lt;field_name&gt;MOMENTO_TEMPORAL_11_NOV19&lt;/field_name&gt;&lt;field_type&gt;DOUBLE&lt;/field_type&gt;&lt;field_alias&gt;20:00 Nov 2019&lt;/field_alias&gt;&lt;field_is_nullable&gt;True&lt;/field_is_nullable&gt;&lt;field_is_required&gt;False&lt;/field_is_required&gt;&lt;/AddField&gt;&lt;/workflow&gt;&lt;workflow&gt;&lt;AddField&gt;&lt;field_name&gt;MOMENTO_TEMPORAL_12_NOV19&lt;/field_name&gt;&lt;field_type&gt;DOUBLE&lt;/field_type&gt;&lt;field_alias&gt;22:00 Nov 2019&lt;/field_alias&gt;&lt;field_is_nullable&gt;True&lt;/field_is_nullable&gt;&lt;field_is_required&gt;False&lt;/field_is_required&gt;&lt;/AddField&gt;&lt;/workflow&gt;&lt;/operationSequence&gt;"</Process><Process ToolSource="c:\program files\arcgis\pro\Resources\ArcToolbox\toolboxes\Data Management Tools.tbx\Project" Date="20200321" Time="134144">Project Celdas_operadores_16MAR20 C:\Users\carlos.herrera\Downloads\INE-COVID19\Datos.gdb\Celdas_operadores_MAR20_WGS84 PROJCS['WGS_1984_Web_Mercator_Auxiliary_Sphere',GEOGCS['GCS_WGS_1984',DATUM['D_WGS_1984',SPHEROID['WGS_1984',6378137.0,298.257223563]],PRIMEM['Greenwich',0.0],UNIT['Degree',0.0174532925199433]],PROJECTION['Mercator_Auxiliary_Sphere'],PARAMETER['False_Easting',0.0],PARAMETER['False_Northing',0.0],PARAMETER['Central_Meridian',0.0],PARAMETER['Standard_Parallel_1',0.0],PARAMETER['Auxiliary_Sphere_Type',0.0],UNIT['Meter',1.0]] ETRS_1989_To_WGS_1984 PROJCS['ETRS_1989_UTM_Zone_30N',GEOGCS['GCS_ETRS_1989',DATUM['D_ETRS_1989',SPHEROID['GRS_1980',6378137.0,298.257222101]],PRIMEM['Greenwich',0.0],UNIT['Degree',0.0174532925199433]],PROJECTION['Transverse_Mercator'],PARAMETER['False_Easting',500000.0],PARAMETER['False_Northing',0.0],PARAMETER['Central_Meridian',-3.0],PARAMETER['Scale_Factor',0.9996],PARAMETER['Latitude_Of_Origin',0.0],UNIT['Meter',1.0]] NO_PRESERVE_SHAPE # NO_VERTICAL</Process><Process ToolSource="c:\program files\arcgis\pro\Resources\ArcToolbox\toolboxes\Conversion Tools.tbx\FeatureClassToFeatureClass" Date="20200330" Time="101819">FeatureClassToFeatureClass C:\Datos\Datos.gdb\Celdas_operadores_MAR20_WGS84 C:\Shapefiles-Celdas\MAR_2020 celdas_marzo_2020.shp # "OBJECTID "OBJECTID" true true false 4 Long 0 0,First,#,C:\Datos\Datos.gdb\Celdas_operadores_MAR20_WGS84,OBJECTID,-1,-1;ID_GRUPO "ID_GRUPO" true true false 50 Text 0 0,First,#,C:\Datos\Datos.gdb\Celdas_operadores_MAR20_WGS84,ID_GRUPO,0,50;SUM_POB_AS "SUM_POB_AS" true true false 8 Double 0 0,First,#,C:\Datos\Datos.gdb\Celdas_operadores_MAR20_WGS84,SUM_POB_AS,-1,-1;Shape_Leng "Shape_Leng" true true false 8 Double 0 0,First,#,C:\Datos\Datos.gdb\Celdas_operadores_MAR20_WGS84,Shape_Leng,-1,-1;MOMENTO_TE "00:00" true true false 8 Double 0 0,First,#,C:\Datos\Datos.gdb\Celdas_operadores_MAR20_WGS84,MOMENTO_TEMPORAL_1,-1,-1;MOMENTO__1 "02:00" true true false 8 Double 0 0,First,#,C:\Datos\Datos.gdb\Celdas_operadores_MAR20_WGS84,MOMENTO_TEMPORAL_2,-1,-1;MOMENTO__2 "04:00" true true false 8 Double 0 0,First,#,C:\Datos\Datos.gdb\Celdas_operadores_MAR20_WGS84,MOMENTO_TEMPORAL_3,-1,-1;MOMENTO__3 "06:00" true true false 8 Double 0 0,First,#,C:\Datos\Datos.gdb\Celdas_operadores_MAR20_WGS84,MOMENTO_TEMPORAL_4,-1,-1;MOMENTO__4 "08:00" true true false 8 Double 0 0,First,#,C:\Datos\Datos.gdb\Celdas_operadores_MAR20_WGS84,MOMENTO_TEMPORAL_5,-1,-1;MOMENTO__5 "10:00" true true false 8 Double 0 0,First,#,C:\Datos\Datos.gdb\Celdas_operadores_MAR20_WGS84,MOMENTO_TEMPORAL_6,-1,-1;MOMENTO__6 "12:00" true true false 8 Double 0 0,First,#,C:\Datos\Datos.gdb\Celdas_operadores_MAR20_WGS84,MOMENTO_TEMPORAL_7,-1,-1;MOMENTO__7 "14:00" true true false 8 Double 0 0,First,#,C:\Datos\Datos.gdb\Celdas_operadores_MAR20_WGS84,MOMENTO_TEMPORAL_8,-1,-1;MOMENTO__8 "16:00" true true false 8 Double 0 0,First,#,C:\Datos\Datos.gdb\Celdas_operadores_MAR20_WGS84,MOMENTO_TEMPORAL_9,-1,-1;MOMENTO__9 "18:00" true true false 8 Double 0 0,First,#,C:\Datos\Datos.gdb\Celdas_operadores_MAR20_WGS84,MOMENTO_TEMPORAL_10,-1,-1;MOMENTO_10 "20:00" true true false 8 Double 0 0,First,#,C:\Datos\Datos.gdb\Celdas_operadores_MAR20_WGS84,MOMENTO_TEMPORAL_11,-1,-1;MOMENTO_11 "22:00" true true false 8 Double 0 0,First,#,C:\Datos\Datos.gdb\Celdas_operadores_MAR20_WGS84,MOMENTO_TEMPORAL_12,-1,-1;NOMBRE_CEL "Nombre_celda" true true false 50 Text 0 0,First,#,C:\Datos\Datos.gdb\Celdas_operadores_MAR20_WGS84,NOMBRE_CELDA,0,50;MOMENTO_12 "00:00 Nov 2019" true true false 8 Double 0 0,First,#,C:\Datos\Datos.gdb\Celdas_operadores_MAR20_WGS84,MOMENTO_TEMPORAL_1_NOV19,-1,-1;MOMENTO_13 "02:00 Nov 2019" true true false 8 Double 0 0,First,#,C:\Datos\Datos.gdb\Celdas_operadores_MAR20_WGS84,MOMENTO_TEMPORAL_2_NOV19,-1,-1;MOMENTO_14 "04:00 Nov 2019" true true false 8 Double 0 0,First,#,C:\Datos\Datos.gdb\Celdas_operadores_MAR20_WGS84,MOMENTO_TEMPORAL_3_NOV19,-1,-1;MOMENTO_15 "06:00 Nov 2019" true true false 8 Double 0 0,First,#,C:\Datos\Datos.gdb\Celdas_operadores_MAR20_WGS84,MOMENTO_TEMPORAL_4_NOV19,-1,-1;MOMENTO_16 "08:00 Nov 2019" true true false 8 Double 0 0,First,#,C:\Datos\Datos.gdb\Celdas_operadores_MAR20_WGS84,MOMENTO_TEMPORAL_5_NOV19,-1,-1;MOMENTO_17 "10:00 Nov 2019" true true false 8 Double 0 0,First,#,C:\Datos\Datos.gdb\Celdas_operadores_MAR20_WGS84,MOMENTO_TEMPORAL_6_NOV19,-1,-1;MOMENTO_18 "12:00 Nov 2019" true true false 8 Double 0 0,First,#,C:\Datos\Datos.gdb\Celdas_operadores_MAR20_WGS84,MOMENTO_TEMPORAL_7_NOV19,-1,-1;MOMENTO_19 "14:00 Nov 2019" true true false 8 Double 0 0,First,#,C:\Datos\Datos.gdb\Celdas_operadores_MAR20_WGS84,MOMENTO_TEMPORAL_8_NOV19,-1,-1;MOMENTO_20 "16:00 Nov 2019" true true false 8 Double 0 0,First,#,C:\Datos\Datos.gdb\Celdas_operadores_MAR20_WGS84,MOMENTO_TEMPORAL_9_NOV19,-1,-1;MOMENTO_21 "18:00 Nov 2019" true true false 8 Double 0 0,First,#,C:\Datos\Datos.gdb\Celdas_operadores_MAR20_WGS84,MOMENTO_TEMPORAL_10_NOV19,-1,-1;MOMENTO_22 "20:00 Nov 2019" true true false 8 Double 0 0,First,#,C:\Datos\Datos.gdb\Celdas_operadores_MAR20_WGS84,MOMENTO_TEMPORAL_11_NOV19,-1,-1;MOMENTO_23 "22:00 Nov 2019" true true false 8 Double 0 0,First,#,C:\Datos\Datos.gdb\Celdas_operadores_MAR20_WGS84,MOMENTO_TEMPORAL_12_NOV19,-1,-1;Shape_Le_1 "Shape_Length" false true true 8 Double 0 0,First,#,C:\Datos\Datos.gdb\Celdas_operadores_MAR20_WGS84,Shape_Length,-1,-1;Shape_Area "Shape_Area" false true true 8 Double 0 0,First,#,C:\Datos\Datos.gdb\Celdas_operadores_MAR20_WGS84,Shape_Area,-1,-1" #</Process><Process ToolSource="c:\program files\arcgis\pro\Resources\ArcToolbox\Toolboxes\Data Management Tools.tbx\DeleteField" Date="20200917" Time="184053">DeleteField celdas_marzo_2020 MOMENTO__1;MOMENTO__2;MOMENTO__3</Process><Process ToolSource="c:\program files\arcgis\pro\Resources\ArcToolbox\Toolboxes\Data Management Tools.tbx\DeleteField" Date="20200917" Time="184108">DeleteField celdas_marzo_2020 MOMENTO__4;MOMENTO__5;MOMENTO__6;MOMENTO__7;MOMENTO__8;MOMENTO__9</Process><Process ToolSource="c:\program files\arcgis\pro\Resources\ArcToolbox\Toolboxes\Data Management Tools.tbx\DeleteField" Date="20200917" Time="184122">DeleteField celdas_marzo_2020 MOMENTO_10;MOMENTO_11;MOMENTO_12;MOMENTO_13</Process><Process ToolSource="c:\program files\arcgis\pro\Resources\ArcToolbox\Toolboxes\Data Management Tools.tbx\DeleteField" Date="20200917" Time="184142">DeleteField celdas_marzo_2020 MOMENTO_14;MOMENTO_15;MOMENTO_16;MOMENTO_17;MOMENTO_18;MOMENTO_19;MOMENTO_20;MOMENTO_21</Process><Process ToolSource="c:\program files\arcgis\pro\Resources\ArcToolbox\Toolboxes\Data Management Tools.tbx\DeleteField" Date="20200917" Time="184153">DeleteField celdas_marzo_2020 MOMENTO_22;MOMENTO_23</Process><Process ToolSource="c:\program files\arcgis\pro\Resources\ArcToolbox\Toolboxes\Data Management Tools.tbx\DeleteField" Date="20200917" Time="184201">DeleteField celdas_marzo_2020 MOMENTO_TE</Process></lineage></DataProperties><SyncDate>20200330</SyncDate><SyncTime>10181800</SyncTime><ModDate>20200330</ModDate><ModTime>10181800</ModTime></Esri><dataIdInfo><envirDesc Sync="TRUE">Microsoft Windows 10 Version 10.0 (Build 18362) ; Esri ArcGIS 12.4.2.19948</envirDesc><dataLang><languageCode value="spa" Sync="TRUE"></languageCode><countryCode value="ESP" Sync="TRUE"></countryCode></dataLang><idCitation><resTitle Sync="TRUE">celdas_marzo_2020</resTitle><presForm><PresFormCd value="005" Sync="TRUE"></PresFormCd></presForm></idCitation><spatRpType><SpatRepTypCd value="001" Sync="TRUE"></SpatRepTypCd></spatRpType></dataIdInfo><mdLang><languageCode value="spa" Sync="TRUE"></languageCode><countryCode value="ESP" Sync="TRUE"></countryCode></mdLang><mdChar><CharSetCd value="004" Sync="TRUE"></CharSetCd></mdChar><distInfo><distFormat><formatName Sync="TRUE">Shapefile</formatName></distFormat><distTranOps><transSize Sync="TRUE">0.000</transSize></distTranOps></distInfo><mdHrLv><ScopeCd value="005" Sync="TRUE"></ScopeCd></mdHrLv><mdHrLvName Sync="TRUE">dataset</mdHrLvName><refSysInfo><RefSystem><refSysID><identCode code="3857" Sync="TRUE"></identCode><idCodeSpace Sync="TRUE">EPSG</idCodeSpace><idVersion Sync="TRUE">8.8(9.3.1.2)</idVersion></refSysID></RefSystem></refSysInfo><spatRepInfo><VectSpatRep><geometObjs Name="celdas_marzo_2020"><geoObjTyp><GeoObjTypCd value="002" Sync="TRUE"></GeoObjTypCd></geoObjTyp><geoObjCnt Sync="TRUE">0</geoObjCnt></geometObjs><topLvl><TopoLevCd value="001" Sync="TRUE"></TopoLevCd></topLvl></VectSpatRep></spatRepInfo><spdoinfo><ptvctinf><esriterm Name="celdas_marzo_2020"><efeatyp Sync="TRUE">Simple</efeatyp><efeageom code="4" Sync="TRUE"></efeageom><esritopo Sync="TRUE">FALSE</esritopo><efeacnt Sync="TRUE">0</efeacnt><spindex Sync="TRUE">FALSE</spindex><linrefer Sync="TRUE">FALSE</linrefer></esriterm></ptvctinf></spdoinfo><eainfo><detailed Name="celdas_marzo_2020"><enttyp><enttypl Sync="TRUE">celdas_marzo_2020</enttypl><enttypt Sync="TRUE">Feature Class</enttypt><enttypc Sync="TRUE">0</enttypc></enttyp><attr><attrlabl Sync="TRUE">FID</attrlabl><attalias Sync="TRUE">FID</attalias><attrtype Sync="TRUE">OID</attrtype><attwidth Sync="TRUE">4</attwidth><atprecis Sync="TRUE">0</atprecis><attscale Sync="TRUE">0</attscale><attrdef Sync="TRUE">Internal feature number.</attrdef><attrdefs Sync="TRUE">Esri</attrdefs><attrdomv><udom Sync="TRUE">Sequential unique whole numbers that are automatically generated.</udom></attrdomv></attr><attr><attrlabl Sync="TRUE">OBJECTID</attrlabl><attalias Sync="TRUE">OBJECTID</attalias><attrtype Sync="TRUE">Integer</attrtype><attwidth Sync="TRUE">10</attwidth><atprecis Sync="TRUE">10</atprecis><attscale Sync="TRUE">0</attscale><attrdef Sync="TRUE">Internal feature number.</attrdef><attrdefs Sync="TRUE">Esri</attrdefs><attrdomv><udom Sync="TRUE">Sequential unique whole numbers that are automatically generated.</udom></attrdomv></attr><attr><attrlabl Sync="TRUE">Shape</attrlabl><attalias Sync="TRUE">Shape</attalias><attrtype Sync="TRUE">Geometry</attrtype><attwidth Sync="TRUE">0</attwidth><atprecis Sync="TRUE">0</atprecis><attscale Sync="TRUE">0</attscale><attrdef Sync="TRUE">Feature geometry.</attrdef><attrdefs Sync="TRUE">Esri</attrdefs><attrdomv><udom Sync="TRUE">Coordinates defining the features.</udom></attrdomv></attr><attr><attrlabl Sync="TRUE">ID_GRUPO</attrlabl><attalias Sync="TRUE">ID_GRUPO</attalias><attrtype Sync="TRUE">String</attrtype><attwidth Sync="TRUE">50</attwidth><atprecis Sync="TRUE">0</atprecis><attscale Sync="TRUE">0</attscale></attr><attr><attrlabl Sync="TRUE">SUM_POB_AS</attrlabl><attalias Sync="TRUE">SUM_POB_AS</attalias><attrtype Sync="TRUE">Double</attrtype><attwidth Sync="TRUE">19</attwidth><atprecis Sync="TRUE">0</atprecis><attscale Sync="TRUE">0</attscale></attr><attr><attrlabl Sync="TRUE">Shape_Leng</attrlabl><attalias Sync="TRUE">Shape_Leng</attalias><attrtype Sync="TRUE">Double</attrtype><attwidth Sync="TRUE">19</attwidth><atprecis Sync="TRUE">0</atprecis><attscale Sync="TRUE">0</attscale></attr><attr><attrlabl Sync="TRUE">MOMENTO_TE</attrlabl><attalias Sync="TRUE">MOMENTO_TE</attalias><attrtype Sync="TRUE">Double</attrtype><attwidth Sync="TRUE">19</attwidth><atprecis Sync="TRUE">0</atprecis><attscale Sync="TRUE">0</attscale></attr><attr><attrlabl Sync="TRUE">MOMENTO__1</attrlabl><attalias Sync="TRUE">MOMENTO__1</attalias><attrtype Sync="TRUE">Double</attrtype><attwidth Sync="TRUE">19</attwidth><atprecis Sync="TRUE">0</atprecis><attscale Sync="TRUE">0</attscale></attr><attr><attrlabl Sync="TRUE">MOMENTO__2</attrlabl><attalias Sync="TRUE">MOMENTO__2</attalias><attrtype Sync="TRUE">Double</attrtype><attwidth Sync="TRUE">19</attwidth><atprecis Sync="TRUE">0</atprecis><attscale Sync="TRUE">0</attscale></attr><attr><attrlabl Sync="TRUE">MOMENTO__3</attrlabl><attalias Sync="TRUE">MOMENTO__3</attalias><attrtype Sync="TRUE">Double</attrtype><attwidth Sync="TRUE">19</attwidth><atprecis Sync="TRUE">0</atprecis><attscale Sync="TRUE">0</attscale></attr><attr><attrlabl Sync="TRUE">MOMENTO__4</attrlabl><attalias Sync="TRUE">MOMENTO__4</attalias><attrtype Sync="TRUE">Double</attrtype><attwidth Sync="TRUE">19</attwidth><atprecis Sync="TRUE">0</atprecis><attscale Sync="TRUE">0</attscale></attr><attr><attrlabl Sync="TRUE">MOMENTO__5</attrlabl><attalias Sync="TRUE">MOMENTO__5</attalias><attrtype Sync="TRUE">Double</attrtype><attwidth Sync="TRUE">19</attwidth><atprecis Sync="TRUE">0</atprecis><attscale Sync="TRUE">0</attscale></attr><attr><attrlabl Sync="TRUE">MOMENTO__6</attrlabl><attalias Sync="TRUE">MOMENTO__6</attalias><attrtype Sync="TRUE">Double</attrtype><attwidth Sync="TRUE">19</attwidth><atprecis Sync="TRUE">0</atprecis><attscale Sync="TRUE">0</attscale></attr><attr><attrlabl Sync="TRUE">MOMENTO__7</attrlabl><attalias Sync="TRUE">MOMENTO__7</attalias><attrtype Sync="TRUE">Double</attrtype><attwidth Sync="TRUE">19</attwidth><atprecis Sync="TRUE">0</atprecis><attscale Sync="TRUE">0</attscale></attr><attr><attrlabl Sync="TRUE">MOMENTO__8</attrlabl><attalias Sync="TRUE">MOMENTO__8</attalias><attrtype Sync="TRUE">Double</attrtype><attwidth Sync="TRUE">19</attwidth><atprecis Sync="TRUE">0</atprecis><attscale Sync="TRUE">0</attscale></attr><attr><attrlabl Sync="TRUE">MOMENTO__9</attrlabl><attalias Sync="TRUE">MOMENTO__9</attalias><attrtype Sync="TRUE">Double</attrtype><attwidth Sync="TRUE">19</attwidth><atprecis Sync="TRUE">0</atprecis><attscale Sync="TRUE">0</attscale></attr><attr><attrlabl Sync="TRUE">MOMENTO_10</attrlabl><attalias Sync="TRUE">MOMENTO_10</attalias><attrtype Sync="TRUE">Double</attrtype><attwidth Sync="TRUE">19</attwidth><atprecis Sync="TRUE">0</atprecis><attscale Sync="TRUE">0</attscale></attr><attr><attrlabl Sync="TRUE">MOMENTO_11</attrlabl><attalias Sync="TRUE">MOMENTO_11</attalias><attrtype Sync="TRUE">Double</attrtype><attwidth Sync="TRUE">19</attwidth><atprecis Sync="TRUE">0</atprecis><attscale Sync="TRUE">0</attscale></attr><attr><attrlabl Sync="TRUE">NOMBRE_CEL</attrlabl><attalias Sync="TRUE">NOMBRE_CEL</attalias><attrtype Sync="TRUE">String</attrtype><attwidth Sync="TRUE">50</attwidth><atprecis Sync="TRUE">0</atprecis><attscale Sync="TRUE">0</attscale></attr><attr><attrlabl Sync="TRUE">MOMENTO_12</attrlabl><attalias Sync="TRUE">MOMENTO_12</attalias><attrtype Sync="TRUE">Double</attrtype><attwidth Sync="TRUE">19</attwidth><atprecis Sync="TRUE">0</atprecis><attscale Sync="TRUE">0</attscale></attr><attr><attrlabl Sync="TRUE">MOMENTO_13</attrlabl><attalias Sync="TRUE">MOMENTO_13</attalias><attrtype Sync="TRUE">Double</attrtype><attwidth Sync="TRUE">19</attwidth><atprecis Sync="TRUE">0</atprecis><attscale Sync="TRUE">0</attscale></attr><attr><attrlabl Sync="TRUE">MOMENTO_14</attrlabl><attalias Sync="TRUE">MOMENTO_14</attalias><attrtype Sync="TRUE">Double</attrtype><attwidth Sync="TRUE">19</attwidth><atprecis Sync="TRUE">0</atprecis><attscale Sync="TRUE">0</attscale></attr><attr><attrlabl Sync="TRUE">MOMENTO_15</attrlabl><attalias Sync="TRUE">MOMENTO_15</attalias><attrtype Sync="TRUE">Double</attrtype><attwidth Sync="TRUE">19</attwidth><atprecis Sync="TRUE">0</atprecis><attscale Sync="TRUE">0</attscale></attr><attr><attrlabl Sync="TRUE">MOMENTO_16</attrlabl><attalias Sync="TRUE">MOMENTO_16</attalias><attrtype Sync="TRUE">Double</attrtype><attwidth Sync="TRUE">19</attwidth><atprecis Sync="TRUE">0</atprecis><attscale Sync="TRUE">0</attscale></attr><attr><attrlabl Sync="TRUE">MOMENTO_17</attrlabl><attalias Sync="TRUE">MOMENTO_17</attalias><attrtype Sync="TRUE">Double</attrtype><attwidth Sync="TRUE">19</attwidth><atprecis Sync="TRUE">0</atprecis><attscale Sync="TRUE">0</attscale></attr><attr><attrlabl Sync="TRUE">MOMENTO_18</attrlabl><attalias Sync="TRUE">MOMENTO_18</attalias><attrtype Sync="TRUE">Double</attrtype><attwidth Sync="TRUE">19</attwidth><atprecis Sync="TRUE">0</atprecis><attscale Sync="TRUE">0</attscale></attr><attr><attrlabl Sync="TRUE">MOMENTO_19</attrlabl><attalias Sync="TRUE">MOMENTO_19</attalias><attrtype Sync="TRUE">Double</attrtype><attwidth Sync="TRUE">19</attwidth><atprecis Sync="TRUE">0</atprecis><attscale Sync="TRUE">0</attscale></attr><attr><attrlabl Sync="TRUE">MOMENTO_20</attrlabl><attalias Sync="TRUE">MOMENTO_20</attalias><attrtype Sync="TRUE">Double</attrtype><attwidth Sync="TRUE">19</attwidth><atprecis Sync="TRUE">0</atprecis><attscale Sync="TRUE">0</attscale></attr><attr><attrlabl Sync="TRUE">MOMENTO_21</attrlabl><attalias Sync="TRUE">MOMENTO_21</attalias><attrtype Sync="TRUE">Double</attrtype><attwidth Sync="TRUE">19</attwidth><atprecis Sync="TRUE">0</atprecis><attscale Sync="TRUE">0</attscale></attr><attr><attrlabl Sync="TRUE">MOMENTO_22</attrlabl><attalias Sync="TRUE">MOMENTO_22</attalias><attrtype Sync="TRUE">Double</attrtype><attwidth Sync="TRUE">19</attwidth><atprecis Sync="TRUE">0</atprecis><attscale Sync="TRUE">0</attscale></attr><attr><attrlabl Sync="TRUE">MOMENTO_23</attrlabl><attalias Sync="TRUE">MOMENTO_23</attalias><attrtype Sync="TRUE">Double</attrtype><attwidth Sync="TRUE">19</attwidth><atprecis Sync="TRUE">0</atprecis><attscale Sync="TRUE">0</attscale></attr><attr><attrlabl Sync="TRUE">Shape_Le_1</attrlabl><attalias Sync="TRUE">Shape_Le_1</attalias><attrtype Sync="TRUE">Double</attrtype><attwidth Sync="TRUE">19</attwidth><atprecis Sync="TRUE">0</atprecis><attscale Sync="TRUE">0</attscale></attr><attr><attrlabl Sync="TRUE">Shape_Area</attrlabl><attalias Sync="TRUE">Shape_Area</attalias><attrtype Sync="TRUE">Double</attrtype><attwidth Sync="TRUE">19</attwidth><atprecis Sync="TRUE">0</atprecis><attscale Sync="TRUE">0</attscale><attrdef Sync="TRUE">Area of feature in internal units squared.</attrdef><attrdefs Sync="TRUE">Esri</attrdefs><attrdomv><udom Sync="TRUE">Positive real numbers that are automatically generated.</udom></attrdomv></attr></detailed></eainfo><mdDateSt Sync="TRUE">20200330</mdDateSt></metadata>
